id,DeliverableID,ConsultantID,Month,Hours,event_type,start_date,end_date
1,1,4,,93.47,process_deliverable_1,2020-01-15 01:52:22.889220,2020-02-08 01:52:52.164972
2,1,3,,93.47,process_deliverable_1,2020-01-15 01:52:22.889220,2020-02-08 01:52:52.164972
3,2,20,,63.64,process_deliverable_1,2020-02-11 11:11:29.988607,2020-03-14 15:36:31.326996
4,2,7,,63.64,process_deliverable_1,2020-02-11 11:11:29.988607,2020-03-14 15:36:31.326996
5,3,46,,69.95,process_deliverable_1,2020-03-10 20:34:43.293756,2020-04-13 14:45:58.456596
6,3,9,,69.95,process_deliverable_1,2020-03-10 20:34:43.293756,2020-04-13 14:45:58.456596
7,4,54,,77.45,process_deliverable_1,2020-04-07 22:01:06.483279,2020-04-30 21:05:04.706042
8,4,12,,77.45,process_deliverable_1,2020-04-07 22:01:06.483279,2020-04-30 21:05:04.706042
9,5,4,,125.78,process_deliverable_1,2020-04-14 01:10:41.733204,2020-05-14 08:49:49.856517
10,5,19,,125.78,process_deliverable_1,2020-04-14 01:10:41.733204,2020-05-14 08:49:49.856517
11,6,20,,52.03,process_deliverable_1,2020-04-18 14:32:41.732355,2020-05-16 01:48:35.627362
12,6,23,,52.03,process_deliverable_1,2020-04-18 14:32:41.732355,2020-05-16 01:48:35.627362
13,7,46,,30.78,process_deliverable_1,2020-04-29 18:44:11.536619,2020-05-26 05:49:53.978854
14,7,29,,30.78,process_deliverable_1,2020-04-29 18:44:11.536619,2020-05-26 05:49:53.978854
15,8,54,,64.52,process_deliverable_1,2020-06-12 23:56:14.330360,2020-07-12 05:25:48.962544
16,8,34,,64.52,process_deliverable_1,2020-06-12 23:56:14.330360,2020-07-12 05:25:48.962544
17,9,4,,59.01,process_deliverable_1,2020-08-31 15:30:04.952963,2020-10-01 19:35:40.843250
18,9,38,,59.01,process_deliverable_1,2020-08-31 15:30:04.952963,2020-10-01 19:35:40.843250
19,10,20,,94.15,process_deliverable_1,2020-09-17 08:34:58.492567,2020-11-01 14:24:27.322198
20,10,42,,94.15,process_deliverable_1,2020-09-17 08:34:58.492567,2020-11-01 14:24:27.322198
21,12,54,,53.86,process_deliverable_1,2020-10-28 11:25:39.928317,2020-11-22 22:01:01.761593
22,12,45,,53.86,process_deliverable_1,2020-10-28 11:25:39.928317,2020-11-22 22:01:01.761593
23,13,4,,33.03,process_deliverable_1,2020-10-31 07:33:38.707957,2020-11-29 21:46:26.476405
24,13,53,,33.03,process_deliverable_1,2020-10-31 07:33:38.707957,2020-11-29 21:46:26.476405
25,11,46,,145.61,process_deliverable_1,2020-10-23 18:43:31.936642,2020-11-30 14:23:41.935897
26,11,44,,145.61,process_deliverable_1,2020-10-23 18:43:31.936642,2020-11-30 14:23:41.935897
27,14,20,,131.27,process_deliverable_1,2020-12-05 12:59:37.579412,2021-01-08 11:21:25.965834
28,14,56,,131.27,process_deliverable_1,2020-12-05 12:59:37.579412,2021-01-08 11:21:25.965834
29,16,4,,90.37,process_deliverable_1,2020-12-18 02:45:39.073681,2021-01-13 10:30:32.315126
30,16,3,,90.37,process_deliverable_1,2020-12-18 02:45:39.073681,2021-01-13 10:30:32.315126
31,15,54,,139.16,process_deliverable_1,2020-12-17 23:06:26.132843,2021-01-23 01:45:04.739027
32,15,57,,139.16,process_deliverable_1,2020-12-17 23:06:26.132843,2021-01-23 01:45:04.739027
33,17,46,,123.71,process_deliverable_1,2021-01-19 06:27:59.116617,2021-02-10 08:12:18.275930
34,17,7,,123.71,process_deliverable_1,2021-01-19 06:27:59.116617,2021-02-10 08:12:18.275930
35,18,20,,117.58,process_deliverable_1,2021-01-25 18:51:40.125300,2021-02-14 18:50:31.689172
36,18,9,,117.58,process_deliverable_1,2021-01-25 18:51:40.125300,2021-02-14 18:50:31.689172
37,20,54,,154.77,process_deliverable_1,2021-03-01 14:59:47.331141,2021-03-18 08:03:36.772245
38,20,19,,154.77,process_deliverable_1,2021-03-01 14:59:47.331141,2021-03-18 08:03:36.772245
39,19,4,,137.04,process_deliverable_1,2021-02-19 04:45:06.408720,2021-03-20 19:46:39.125186
40,19,12,,137.04,process_deliverable_1,2021-02-19 04:45:06.408720,2021-03-20 19:46:39.125186
41,22,20,,117.44,process_deliverable_1,2021-03-17 23:35:55.847461,2021-04-14 04:19:23.247662
42,22,29,,117.44,process_deliverable_1,2021-03-17 23:35:55.847461,2021-04-14 04:19:23.247662
43,21,46,,77.25,process_deliverable_1,2021-03-04 14:03:27.464714,2021-04-18 07:24:56.411745
44,21,23,,77.25,process_deliverable_1,2021-03-04 14:03:27.464714,2021-04-18 07:24:56.411745
45,23,54,,102.01,process_deliverable_1,2021-07-07 16:33:35.614011,2021-07-30 13:47:43.213338
46,23,34,,102.01,process_deliverable_1,2021-07-07 16:33:35.614011,2021-07-30 13:47:43.213338
47,24,4,,151.63,process_deliverable_1,2021-07-16 07:55:27.137827,2021-08-06 03:49:37.492348
48,24,38,,151.63,process_deliverable_1,2021-07-16 07:55:27.137827,2021-08-06 03:49:37.492348
49,25,20,,100.57,process_deliverable_1,2021-07-20 00:45:29.114513,2021-08-15 14:44:42.802890
50,25,42,,100.57,process_deliverable_1,2021-07-20 00:45:29.114513,2021-08-15 14:44:42.802890
51,26,46,,125.09,process_deliverable_1,2021-08-17 17:35:53.660624,2021-09-16 04:28:29.089050
52,26,45,,125.09,process_deliverable_1,2021-08-17 17:35:53.660624,2021-09-16 04:28:29.089050
53,27,54,,132.96,process_deliverable_1,2021-09-05 02:55:35.545365,2021-09-27 07:39:19.362759
54,27,53,,132.96,process_deliverable_1,2021-09-05 02:55:35.545365,2021-09-27 07:39:19.362759
55,28,4,,40.02,process_deliverable_1,2021-10-25 15:47:18.617399,2021-11-24 11:44:28.241651
56,28,44,,40.02,process_deliverable_1,2021-10-25 15:47:18.617399,2021-11-24 11:44:28.241651
57,29,20,,126.61,process_deliverable_1,2021-11-08 14:45:50.837203,2021-11-29 13:45:11.524872
58,29,56,,126.61,process_deliverable_1,2021-11-08 14:45:50.837203,2021-11-29 13:45:11.524872
59,30,46,,106.55,process_deliverable_1,2021-11-20 04:29:37.061822,2021-12-23 19:32:03.195294
60,30,3,,106.55,process_deliverable_1,2021-11-20 04:29:37.061822,2021-12-23 19:32:03.195294
61,31,54,,146.89,process_deliverable_1,2022-01-06 05:35:39.580667,2022-01-19 23:21:56.055196
62,31,57,,146.89,process_deliverable_1,2022-01-06 05:35:39.580667,2022-01-19 23:21:56.055196
63,34,46,,158.22,process_deliverable_1,2022-02-19 09:13:29.642562,2022-03-09 21:34:30.591065
64,34,19,,158.22,process_deliverable_1,2022-02-19 09:13:29.642562,2022-03-09 21:34:30.591065
65,32,4,,41.06,process_deliverable_1,2022-02-11 10:47:03.939192,2022-03-12 01:42:54.333300
66,32,7,,41.06,process_deliverable_1,2022-02-11 10:47:03.939192,2022-03-12 01:42:54.333300
67,33,20,,103.18,process_deliverable_1,2022-02-11 19:00:20.923001,2022-03-26 20:44:25.673304
68,33,9,,103.18,process_deliverable_1,2022-02-11 19:00:20.923001,2022-03-26 20:44:25.673304
69,35,54,,73.32,process_deliverable_1,2022-02-20 18:42:47.351401,2022-03-29 00:51:32.736413
70,35,12,,73.32,process_deliverable_1,2022-02-20 18:42:47.351401,2022-03-29 00:51:32.736413
71,36,46,,159.53,process_deliverable_1,2022-06-10 17:29:03.988980,2022-07-10 20:16:44.234972
72,36,29,,159.53,process_deliverable_1,2022-06-10 17:29:03.988980,2022-07-10 20:16:44.234972
73,37,4,,70.14,process_deliverable_1,2022-08-04 09:27:40.589430,2022-09-08 19:36:58.822604
74,37,23,,70.14,process_deliverable_1,2022-08-04 09:27:40.589430,2022-09-08 19:36:58.822604
75,38,20,,91.96,process_deliverable_1,2022-10-30 06:42:17.591440,2022-11-28 10:36:27.693981
76,38,34,,91.96,process_deliverable_1,2022-10-30 06:42:17.591440,2022-11-28 10:36:27.693981
77,39,54,,129.71,process_deliverable_1,2022-11-21 07:37:27.810930,2022-12-17 10:21:50.557458
78,39,38,,129.71,process_deliverable_1,2022-11-21 07:37:27.810930,2022-12-17 10:21:50.557458
79,40,46,,108.68,process_deliverable_1,2023-01-02 12:42:20.728232,2023-02-02 08:25:47.297253
80,40,42,,108.68,process_deliverable_1,2023-01-02 12:42:20.728232,2023-02-02 08:25:47.297253
81,41,4,,53.95,process_deliverable_1,2023-03-03 00:34:01.276661,2023-03-27 21:31:27.113588
82,41,45,,53.95,process_deliverable_1,2023-03-03 00:34:01.276661,2023-03-27 21:31:27.113588
83,42,20,,57.69,process_deliverable_1,2023-03-07 03:54:33.046156,2023-04-04 09:50:00.442388
84,42,53,,57.69,process_deliverable_1,2023-03-07 03:54:33.046156,2023-04-04 09:50:00.442388
85,44,46,,72.82,process_deliverable_1,2023-03-19 12:26:11.525183,2023-04-09 19:54:20.666708
86,44,56,,72.82,process_deliverable_1,2023-03-19 12:26:11.525183,2023-04-09 19:54:20.666708
87,43,54,,102.16,process_deliverable_1,2023-03-16 23:01:25.769648,2023-04-30 13:52:46.696057
88,43,44,,102.16,process_deliverable_1,2023-03-16 23:01:25.769648,2023-04-30 13:52:46.696057
89,45,4,,87.36,process_deliverable_1,2023-04-29 19:19:16.938674,2023-05-28 08:19:09.291139
90,45,3,,87.36,process_deliverable_1,2023-04-29 19:19:16.938674,2023-05-28 08:19:09.291139
91,46,20,,67.12,process_deliverable_1,2023-05-06 22:21:44.515810,2023-06-07 20:56:28.310161
92,46,57,,67.12,process_deliverable_1,2023-05-06 22:21:44.515810,2023-06-07 20:56:28.310161
93,47,46,,38.82,process_deliverable_1,2023-05-11 00:37:52.771973,2023-06-10 18:11:37.949054
94,47,19,,38.82,process_deliverable_1,2023-05-11 00:37:52.771973,2023-06-10 18:11:37.949054
95,48,54,,68.84,process_deliverable_1,2023-05-16 06:45:00.127854,2023-06-17 02:02:04.372206
96,48,7,,68.84,process_deliverable_1,2023-05-16 06:45:00.127854,2023-06-17 02:02:04.372206
97,49,4,,150.13,process_deliverable_1,2023-05-28 08:19:09.291139,2023-06-20 18:48:38.813140
98,49,9,,150.13,process_deliverable_1,2023-05-28 08:19:09.291139,2023-06-20 18:48:38.813140
99,51,46,,84.78,process_deliverable_1,2023-06-22 12:39:56.836524,2023-07-17 02:44:52.592205
100,51,29,,84.78,process_deliverable_1,2023-06-22 12:39:56.836524,2023-07-17 02:44:52.592205
101,50,20,,62.19,process_deliverable_1,2023-06-10 20:29:31.818154,2023-07-25 21:22:43.135972
102,50,12,,62.19,process_deliverable_1,2023-06-10 20:29:31.818154,2023-07-25 21:22:43.135972
103,52,54,,39.5,process_deliverable_1,2023-06-26 12:13:49.216964,2023-08-02 14:48:25.728540
104,52,23,,39.5,process_deliverable_1,2023-06-26 12:13:49.216964,2023-08-02 14:48:25.728540
105,53,4,,99.78,process_deliverable_1,2023-07-29 08:03:50.969293,2023-08-15 23:39:42.007845
106,53,34,,99.78,process_deliverable_1,2023-07-29 08:03:50.969293,2023-08-15 23:39:42.007845
107,54,46,,126.74,process_deliverable_1,2023-08-06 06:19:07.609637,2023-08-28 06:29:48.111728
108,54,38,,126.74,process_deliverable_1,2023-08-06 06:19:07.609637,2023-08-28 06:29:48.111728
109,55,20,,95.98,process_deliverable_1,2023-08-29 03:15:24.329700,2023-10-05 20:05:18.658417
110,55,42,,95.98,process_deliverable_1,2023-08-29 03:15:24.329700,2023-10-05 20:05:18.658417
111,57,4,,150.81,process_deliverable_1,2023-10-25 19:14:50.674746,2023-12-03 22:54:09.946537
112,57,53,,150.81,process_deliverable_1,2023-10-25 19:14:50.674746,2023-12-03 22:54:09.946537
113,56,54,,149.58,process_deliverable_1,2023-10-19 18:57:30.571199,2023-12-05 07:04:42.664838
114,56,45,,149.58,process_deliverable_1,2023-10-19 18:57:30.571199,2023-12-05 07:04:42.664838
115,58,46,,66.69,process_deliverable_1,2024-01-14 12:02:20.961849,2024-02-07 10:07:43.158115
116,58,56,,66.69,process_deliverable_1,2024-01-14 12:02:20.961849,2024-02-07 10:07:43.158115
117,59,20,,78.65,process_deliverable_1,2024-05-19 04:14:39.941650,2024-06-16 03:07:35.932289
118,59,44,,78.65,process_deliverable_1,2024-05-19 04:14:39.941650,2024-06-16 03:07:35.932289
119,60,4,,41.73,process_deliverable_1,2024-08-02 21:28:14.775839,2024-09-01 00:03:27.993119
120,60,3,,41.73,process_deliverable_1,2024-08-02 21:28:14.775839,2024-09-01 00:03:27.993119
121,61,54,,51.08,process_deliverable_1,2024-08-28 23:04:49.754610,2024-10-04 16:25:22.079033
122,61,57,,51.08,process_deliverable_1,2024-08-28 23:04:49.754610,2024-10-04 16:25:22.079033
123,62,46,,52.35,process_deliverable_1,2024-09-05 00:42:52.311355,2024-10-11 22:20:08.832807
124,62,19,,52.35,process_deliverable_1,2024-09-05 00:42:52.311355,2024-10-11 22:20:08.832807
125,68,4,,93.47,process_deliverable_1,2020-01-15 01:52:22.889220,2020-02-08 01:52:52.164972
126,68,3,,93.47,process_deliverable_1,2020-01-15 01:52:22.889220,2020-02-08 01:52:52.164972
127,69,7,,147.3,process_deliverable_2,2020-02-08 01:52:52.164972,2020-02-29 14:38:06.864702
128,69,2,,147.3,process_deliverable_2,2020-02-08 01:52:52.164972,2020-02-29 14:38:06.864702
129,71,46,,92.81,process_deliverable_1,2020-02-15 23:21:37.887069,2020-03-07 13:39:54.317236
130,71,12,,92.81,process_deliverable_1,2020-02-15 23:21:37.887069,2020-03-07 13:39:54.317236
131,70,20,,45.88,process_deliverable_1,2020-02-11 11:11:29.988607,2020-03-11 07:43:28.139734
132,70,9,,45.88,process_deliverable_1,2020-02-11 11:11:29.988607,2020-03-11 07:43:28.139734
133,72,5,,149.06,process_deliverable_4,2020-02-29 14:38:06.864702,2020-03-19 18:05:42.824602
134,72,10,,149.06,process_deliverable_4,2020-02-29 14:38:06.864702,2020-03-19 18:05:42.824602
135,72,1,,149.06,process_deliverable_4,2020-02-29 14:38:06.864702,2020-03-19 18:05:42.824602
136,72,6,,149.06,process_deliverable_4,2020-02-29 14:38:06.864702,2020-03-19 18:05:42.824602
137,72,8,,149.06,process_deliverable_4,2020-02-29 14:38:06.864702,2020-03-19 18:05:42.824602
138,74,23,,47.44,process_deliverable_2,2020-03-11 07:43:28.139734,2020-04-09 20:27:20.593283
139,74,15,,47.44,process_deliverable_2,2020-03-11 07:43:28.139734,2020-04-09 20:27:20.593283
140,73,19,,57.99,process_deliverable_2,2020-03-07 13:39:54.317236,2020-04-12 05:07:11.238720
141,73,11,,57.99,process_deliverable_2,2020-03-07 13:39:54.317236,2020-04-12 05:07:11.238720
142,75,29,,69.95,process_deliverable_5,2020-03-19 18:05:42.824602,2020-04-22 22:13:51.900958
143,75,13,,69.95,process_deliverable_5,2020-03-19 18:05:42.824602,2020-04-22 22:13:51.900958
144,75,16,,69.95,process_deliverable_5,2020-03-19 18:05:42.824602,2020-04-22 22:13:51.900958
145,77,26,,36.22,process_deliverable_4,2020-04-12 05:07:11.238720,2020-04-29 03:07:34.898372
146,77,28,,36.22,process_deliverable_4,2020-04-12 05:07:11.238720,2020-04-29 03:07:34.898372
147,77,27,,36.22,process_deliverable_4,2020-04-12 05:07:11.238720,2020-04-29 03:07:34.898372
148,77,30,,36.22,process_deliverable_4,2020-04-12 05:07:11.238720,2020-04-29 03:07:34.898372
149,77,31,,36.22,process_deliverable_4,2020-04-12 05:07:11.238720,2020-04-29 03:07:34.898372
150,76,22,,28.9,process_deliverable_4,2020-04-09 20:27:20.593283,2020-04-30 18:55:45.777919
151,76,24,,28.9,process_deliverable_4,2020-04-09 20:27:20.593283,2020-04-30 18:55:45.777919
152,76,17,,28.9,process_deliverable_4,2020-04-09 20:27:20.593283,2020-04-30 18:55:45.777919
153,76,21,,28.9,process_deliverable_4,2020-04-09 20:27:20.593283,2020-04-30 18:55:45.777919
154,76,25,,28.9,process_deliverable_4,2020-04-09 20:27:20.593283,2020-04-30 18:55:45.777919
155,78,34,,79.86,process_deliverable_5,2020-04-29 03:07:34.898372,2020-05-16 13:45:23.788854
156,78,32,,79.86,process_deliverable_5,2020-04-29 03:07:34.898372,2020-05-16 13:45:23.788854
157,78,33,,79.86,process_deliverable_5,2020-04-29 03:07:34.898372,2020-05-16 13:45:23.788854
158,79,38,,54.9,process_deliverable_5,2020-04-30 18:55:45.777919,2020-06-05 11:40:12.268873
159,79,37,,54.9,process_deliverable_5,2020-04-30 18:55:45.777919,2020-06-05 11:40:12.268873
160,79,39,,54.9,process_deliverable_5,2020-04-30 18:55:45.777919,2020-06-05 11:40:12.268873
161,80,54,,91.5,process_deliverable_1,2020-05-15 04:24:56.647839,2020-07-05 18:57:41.422032
162,80,42,,91.5,process_deliverable_1,2020-05-15 04:24:56.647839,2020-07-05 18:57:41.422032
163,81,4,,67.27,process_deliverable_1,2020-06-14 15:08:09.866175,2020-07-14 10:59:36.094789
164,81,44,,67.27,process_deliverable_1,2020-06-14 15:08:09.866175,2020-07-14 10:59:36.094789
165,82,45,,65.25,process_deliverable_2,2020-07-05 18:57:41.422032,2020-07-31 00:30:53.072116
166,82,35,,65.25,process_deliverable_2,2020-07-05 18:57:41.422032,2020-07-31 00:30:53.072116
167,83,53,,156.05,process_deliverable_2,2020-07-14 10:59:36.094789,2020-08-09 10:25:06.123996
168,83,36,,156.05,process_deliverable_2,2020-07-14 10:59:36.094789,2020-08-09 10:25:06.123996
169,84,43,,55.25,process_deliverable_4,2020-07-31 00:30:53.072116,2020-08-21 10:04:52.314355
170,84,47,,55.25,process_deliverable_4,2020-07-31 00:30:53.072116,2020-08-21 10:04:52.314355
171,84,40,,55.25,process_deliverable_4,2020-07-31 00:30:53.072116,2020-08-21 10:04:52.314355
172,84,41,,55.25,process_deliverable_4,2020-07-31 00:30:53.072116,2020-08-21 10:04:52.314355
173,84,49,,55.25,process_deliverable_4,2020-07-31 00:30:53.072116,2020-08-21 10:04:52.314355
174,86,56,,121.95,process_deliverable_5,2020-08-21 10:04:52.314355,2020-09-10 21:53:45.060888
175,86,59,,121.95,process_deliverable_5,2020-08-21 10:04:52.314355,2020-09-10 21:53:45.060888
176,86,60,,121.95,process_deliverable_5,2020-08-21 10:04:52.314355,2020-09-10 21:53:45.060888
177,85,50,,145.61,process_deliverable_4,2020-08-09 10:25:06.123996,2020-09-16 06:17:00.369137
178,85,55,,145.61,process_deliverable_4,2020-08-09 10:25:06.123996,2020-09-16 06:17:00.369137
179,85,51,,145.61,process_deliverable_4,2020-08-09 10:25:06.123996,2020-09-16 06:17:00.369137
180,85,52,,145.61,process_deliverable_4,2020-08-09 10:25:06.123996,2020-09-16 06:17:00.369137
181,85,58,,145.61,process_deliverable_4,2020-08-09 10:25:06.123996,2020-09-16 06:17:00.369137
182,87,46,,108.63,process_deliverable_1,2020-08-21 13:23:26.813125,2020-09-23 19:42:55.911294
183,87,57,,108.63,process_deliverable_1,2020-08-21 13:23:26.813125,2020-09-23 19:42:55.911294
184,88,20,,51.4,process_deliverable_1,2020-09-11 12:19:29.701419,2020-10-07 05:48:37.570124
185,88,3,,51.4,process_deliverable_1,2020-09-11 12:19:29.701419,2020-10-07 05:48:37.570124
186,89,7,,124.51,process_deliverable_5,2020-09-16 06:17:00.369137,2020-10-12 19:41:52.178638
187,89,1,,124.51,process_deliverable_5,2020-09-16 06:17:00.369137,2020-10-12 19:41:52.178638
188,89,6,,124.51,process_deliverable_5,2020-09-16 06:17:00.369137,2020-10-12 19:41:52.178638
189,91,54,,23.4,process_deliverable_1,2020-09-26 04:22:30.654362,2020-10-27 11:58:44.804930
190,91,9,,23.4,process_deliverable_1,2020-09-26 04:22:30.654362,2020-10-27 11:58:44.804930
191,92,23,,44.8,process_deliverable_2,2020-10-07 05:48:37.570124,2020-10-29 23:36:44.254087
192,92,5,,44.8,process_deliverable_2,2020-10-07 05:48:37.570124,2020-10-29 23:36:44.254087
193,90,12,,155.33,process_deliverable_2,2020-09-23 19:42:55.911294,2020-10-30 22:00:51.104561
194,90,2,,155.33,process_deliverable_2,2020-09-23 19:42:55.911294,2020-10-30 22:00:51.104561
195,93,19,,158.61,process_deliverable_2,2020-10-27 11:58:44.804930,2020-11-24 06:10:41.268923
196,93,10,,158.61,process_deliverable_2,2020-10-27 11:58:44.804930,2020-11-24 06:10:41.268923
197,94,15,,90.21,process_deliverable_4,2020-10-29 23:36:44.254087,2020-11-26 02:45:28.985292
198,94,11,,90.21,process_deliverable_4,2020-10-29 23:36:44.254087,2020-11-26 02:45:28.985292
199,94,8,,90.21,process_deliverable_4,2020-10-29 23:36:44.254087,2020-11-26 02:45:28.985292
200,94,13,,90.21,process_deliverable_4,2020-10-29 23:36:44.254087,2020-11-26 02:45:28.985292
201,94,16,,90.21,process_deliverable_4,2020-10-29 23:36:44.254087,2020-11-26 02:45:28.985292
202,95,26,,110.99,process_deliverable_4,2020-10-30 22:00:51.104561,2020-12-03 02:23:29.231256
203,95,28,,110.99,process_deliverable_4,2020-10-30 22:00:51.104561,2020-12-03 02:23:29.231256
204,95,27,,110.99,process_deliverable_4,2020-10-30 22:00:51.104561,2020-12-03 02:23:29.231256
205,95,30,,110.99,process_deliverable_4,2020-10-30 22:00:51.104561,2020-12-03 02:23:29.231256
206,95,31,,110.99,process_deliverable_4,2020-10-30 22:00:51.104561,2020-12-03 02:23:29.231256
207,96,4,,67.32,process_deliverable_1,2020-11-10 14:08:23.855847,2020-12-10 04:56:24.667484
208,96,29,,67.32,process_deliverable_1,2020-11-10 14:08:23.855847,2020-12-10 04:56:24.667484
209,97,22,,33.16,process_deliverable_4,2020-11-24 06:10:41.268923,2020-12-16 14:16:36.237011
210,97,24,,33.16,process_deliverable_4,2020-11-24 06:10:41.268923,2020-12-16 14:16:36.237011
211,97,17,,33.16,process_deliverable_4,2020-11-24 06:10:41.268923,2020-12-16 14:16:36.237011
212,97,21,,33.16,process_deliverable_4,2020-11-24 06:10:41.268923,2020-12-16 14:16:36.237011
213,97,25,,33.16,process_deliverable_4,2020-11-24 06:10:41.268923,2020-12-16 14:16:36.237011
214,98,46,,95.97,process_deliverable_1,2020-11-25 04:16:12.543847,2020-12-23 08:17:26.505236
215,98,34,,95.97,process_deliverable_1,2020-11-25 04:16:12.543847,2020-12-23 08:17:26.505236
216,99,38,,102.72,process_deliverable_5,2020-11-26 02:45:28.985292,2020-12-30 05:14:22.565726
217,99,32,,102.72,process_deliverable_5,2020-11-26 02:45:28.985292,2020-12-30 05:14:22.565726
218,99,33,,102.72,process_deliverable_5,2020-11-26 02:45:28.985292,2020-12-30 05:14:22.565726
219,100,42,,31.95,process_deliverable_5,2020-12-03 02:23:29.231256,2021-01-01 17:25:01.947721
220,100,37,,31.95,process_deliverable_5,2020-12-03 02:23:29.231256,2021-01-01 17:25:01.947721
221,100,39,,31.95,process_deliverable_5,2020-12-03 02:23:29.231256,2021-01-01 17:25:01.947721
222,101,44,,120.04,process_deliverable_2,2020-12-10 04:56:24.667484,2021-01-08 10:32:18.889141
223,101,35,,120.04,process_deliverable_2,2020-12-10 04:56:24.667484,2021-01-08 10:32:18.889141
224,102,45,,59.19,process_deliverable_5,2020-12-16 14:16:36.237011,2021-01-13 07:37:04.298305
225,102,40,,59.19,process_deliverable_5,2020-12-16 14:16:36.237011,2021-01-13 07:37:04.298305
226,102,41,,59.19,process_deliverable_5,2020-12-16 14:16:36.237011,2021-01-13 07:37:04.298305
227,103,53,,146.75,process_deliverable_2,2020-12-23 08:17:26.505236,2021-01-16 14:28:02.478965
228,103,36,,146.75,process_deliverable_2,2020-12-23 08:17:26.505236,2021-01-16 14:28:02.478965
229,105,43,,29.71,process_deliverable_4,2021-01-08 10:32:18.889141,2021-01-25 03:41:03.813762
230,105,47,,29.71,process_deliverable_4,2021-01-08 10:32:18.889141,2021-01-25 03:41:03.813762
231,105,49,,29.71,process_deliverable_4,2021-01-08 10:32:18.889141,2021-01-25 03:41:03.813762
232,105,59,,29.71,process_deliverable_4,2021-01-08 10:32:18.889141,2021-01-25 03:41:03.813762
233,105,60,,29.71,process_deliverable_4,2021-01-08 10:32:18.889141,2021-01-25 03:41:03.813762
234,104,20,,64.66,process_deliverable_1,2021-01-04 16:17:41.315580,2021-02-03 21:40:46.816798
235,104,56,,64.66,process_deliverable_1,2021-01-04 16:17:41.315580,2021-02-03 21:40:46.816798
236,107,50,,132.96,process_deliverable_4,2021-01-16 14:28:02.478965,2021-02-12 20:14:22.955962
237,107,55,,132.96,process_deliverable_4,2021-01-16 14:28:02.478965,2021-02-12 20:14:22.955962
238,107,51,,132.96,process_deliverable_4,2021-01-16 14:28:02.478965,2021-02-12 20:14:22.955962
239,107,52,,132.96,process_deliverable_4,2021-01-16 14:28:02.478965,2021-02-12 20:14:22.955962
240,107,58,,132.96,process_deliverable_4,2021-01-16 14:28:02.478965,2021-02-12 20:14:22.955962
241,106,54,,77.77,process_deliverable_1,2021-01-14 03:42:28.313990,2021-02-14 05:30:53.368325
242,106,57,,77.77,process_deliverable_1,2021-01-14 03:42:28.313990,2021-02-14 05:30:53.368325
243,108,3,,150.31,process_deliverable_5,2021-01-25 03:41:03.813762,2021-02-18 17:57:49.276854
244,108,1,,150.31,process_deliverable_5,2021-01-25 03:41:03.813762,2021-02-18 17:57:49.276854
245,108,6,,150.31,process_deliverable_5,2021-01-25 03:41:03.813762,2021-02-18 17:57:49.276854
246,109,7,,34.16,process_deliverable_2,2021-02-03 21:40:46.816798,2021-03-05 08:33:22.245223
247,109,5,,34.16,process_deliverable_2,2021-02-03 21:40:46.816798,2021-03-05 08:33:22.245223
248,111,23,,118.14,process_deliverable_5,2021-02-12 20:14:22.955962,2021-03-07 20:56:17.567007
249,111,8,,118.14,process_deliverable_5,2021-02-12 20:14:22.955962,2021-03-07 20:56:17.567007
250,111,13,,118.14,process_deliverable_5,2021-02-12 20:14:22.955962,2021-03-07 20:56:17.567007
251,112,12,,71.89,process_deliverable_2,2021-02-14 05:30:53.368325,2021-03-09 13:05:19.558321
252,112,2,,71.89,process_deliverable_2,2021-02-14 05:30:53.368325,2021-03-09 13:05:19.558321
253,110,4,,31.69,process_deliverable_1,2021-02-09 14:16:40.717267,2021-03-13 10:58:11.261196
254,110,9,,31.69,process_deliverable_1,2021-02-09 14:16:40.717267,2021-03-13 10:58:11.261196
255,113,46,,98.18,process_deliverable_1,2021-02-19 12:39:29.063315,2021-03-23 19:47:00.306639
256,113,19,,98.18,process_deliverable_1,2021-02-19 12:39:29.063315,2021-03-23 19:47:00.306639
257,115,11,,85.61,process_deliverable_4,2021-03-09 13:05:19.558321,2021-04-01 21:29:54.800610
258,115,26,,85.61,process_deliverable_4,2021-03-09 13:05:19.558321,2021-04-01 21:29:54.800610
259,115,31,,85.61,process_deliverable_4,2021-03-09 13:05:19.558321,2021-04-01 21:29:54.800610
260,115,17,,85.61,process_deliverable_4,2021-03-09 13:05:19.558321,2021-04-01 21:29:54.800610
261,115,21,,85.61,process_deliverable_4,2021-03-09 13:05:19.558321,2021-04-01 21:29:54.800610
262,114,10,,159.02,process_deliverable_4,2021-03-05 08:33:22.245223,2021-04-11 20:40:48.545866
263,114,15,,159.02,process_deliverable_4,2021-03-05 08:33:22.245223,2021-04-11 20:40:48.545866
264,114,16,,159.02,process_deliverable_4,2021-03-05 08:33:22.245223,2021-04-11 20:40:48.545866
265,114,27,,159.02,process_deliverable_4,2021-03-05 08:33:22.245223,2021-04-11 20:40:48.545866
266,114,30,,159.02,process_deliverable_4,2021-03-05 08:33:22.245223,2021-04-11 20:40:48.545866
267,117,34,,97.54,process_deliverable_2,2021-03-23 19:47:00.306639,2021-04-18 16:59:34.605031
268,117,22,,97.54,process_deliverable_2,2021-03-23 19:47:00.306639,2021-04-18 16:59:34.605031
269,116,29,,117.4,process_deliverable_2,2021-03-13 10:58:11.261196,2021-04-19 23:28:06.615503
270,116,28,,117.4,process_deliverable_2,2021-03-13 10:58:11.261196,2021-04-19 23:28:06.615503
271,118,38,,107.86,process_deliverable_5,2021-04-01 21:29:54.800610,2021-04-29 20:43:55.201637
272,118,25,,107.86,process_deliverable_5,2021-04-01 21:29:54.800610,2021-04-29 20:43:55.201637
273,118,32,,107.86,process_deliverable_5,2021-04-01 21:29:54.800610,2021-04-29 20:43:55.201637
274,119,20,,135.16,process_deliverable_1,2021-04-07 07:00:59.097867,2021-05-05 18:43:05.029368
275,119,42,,135.16,process_deliverable_1,2021-04-07 07:00:59.097867,2021-05-05 18:43:05.029368
276,120,44,,58.28,process_deliverable_5,2021-04-11 20:40:48.545866,2021-05-16 17:54:31.950352
277,120,33,,58.28,process_deliverable_5,2021-04-11 20:40:48.545866,2021-05-16 17:54:31.950352
278,120,37,,58.28,process_deliverable_5,2021-04-11 20:40:48.545866,2021-05-16 17:54:31.950352
279,122,36,,152.27,process_deliverable_4,2021-04-19 23:28:06.615503,2021-05-20 19:42:52.514621
280,122,43,,152.27,process_deliverable_4,2021-04-19 23:28:06.615503,2021-05-20 19:42:52.514621
281,122,49,,152.27,process_deliverable_4,2021-04-19 23:28:06.615503,2021-05-20 19:42:52.514621
282,122,59,,152.27,process_deliverable_4,2021-04-19 23:28:06.615503,2021-05-20 19:42:52.514621
283,122,60,,152.27,process_deliverable_4,2021-04-19 23:28:06.615503,2021-05-20 19:42:52.514621
284,121,24,,38.08,process_deliverable_4,2021-04-18 16:59:34.605031,2021-06-01 15:19:15.037800
285,121,35,,38.08,process_deliverable_4,2021-04-18 16:59:34.605031,2021-06-01 15:19:15.037800
286,121,39,,38.08,process_deliverable_4,2021-04-18 16:59:34.605031,2021-06-01 15:19:15.037800
287,121,40,,38.08,process_deliverable_4,2021-04-18 16:59:34.605031,2021-06-01 15:19:15.037800
288,121,41,,38.08,process_deliverable_4,2021-04-18 16:59:34.605031,2021-06-01 15:19:15.037800
289,123,45,,104.86,process_deliverable_2,2021-05-05 18:43:05.029368,2021-06-07 23:22:04.261765
290,123,47,,104.86,process_deliverable_2,2021-05-05 18:43:05.029368,2021-06-07 23:22:04.261765
291,124,54,,70.14,process_deliverable_1,2021-05-08 17:15:56.355434,2021-06-14 09:13:07.660915
292,124,53,,70.14,process_deliverable_1,2021-05-08 17:15:56.355434,2021-06-14 09:13:07.660915
293,125,56,,114.02,process_deliverable_5,2021-05-20 19:42:52.514621,2021-06-15 15:07:35.775892
294,125,51,,114.02,process_deliverable_5,2021-05-20 19:42:52.514621,2021-06-15 15:07:35.775892
295,125,52,,114.02,process_deliverable_5,2021-05-20 19:42:52.514621,2021-06-15 15:07:35.775892
296,126,57,,102.59,process_deliverable_5,2021-06-01 15:19:15.037800,2021-06-18 10:40:05.161609
297,126,58,,102.59,process_deliverable_5,2021-06-01 15:19:15.037800,2021-06-18 10:40:05.161609
298,126,1,,102.59,process_deliverable_5,2021-06-01 15:19:15.037800,2021-06-18 10:40:05.161609
299,127,50,,86.35,process_deliverable_4,2021-06-07 23:22:04.261765,2021-07-13 09:31:22.494939
300,127,55,,86.35,process_deliverable_4,2021-06-07 23:22:04.261765,2021-07-13 09:31:22.494939
301,127,6,,86.35,process_deliverable_4,2021-06-07 23:22:04.261765,2021-07-13 09:31:22.494939
302,127,8,,86.35,process_deliverable_4,2021-06-07 23:22:04.261765,2021-07-13 09:31:22.494939
303,127,13,,86.35,process_deliverable_4,2021-06-07 23:22:04.261765,2021-07-13 09:31:22.494939
304,128,3,,131.92,process_deliverable_2,2021-06-14 09:13:07.660915,2021-07-23 04:10:08.839851
305,128,5,,131.92,process_deliverable_2,2021-06-14 09:13:07.660915,2021-07-23 04:10:08.839851
306,129,4,,124.76,process_deliverable_1,2021-07-08 00:44:53.404515,2021-07-28 14:48:01.066477
307,129,7,,124.76,process_deliverable_1,2021-07-08 00:44:53.404515,2021-07-28 14:48:01.066477
308,130,23,,82.64,process_deliverable_5,2021-07-13 09:31:22.494939,2021-08-07 06:28:48.331865
309,130,31,,82.64,process_deliverable_5,2021-07-13 09:31:22.494939,2021-08-07 06:28:48.331865
310,130,17,,82.64,process_deliverable_5,2021-07-13 09:31:22.494939,2021-08-07 06:28:48.331865
311,131,46,,95.19,process_deliverable_1,2021-07-19 23:45:06.159720,2021-08-17 05:40:33.555952
312,131,12,,95.19,process_deliverable_1,2021-07-19 23:45:06.159720,2021-08-17 05:40:33.555952
313,134,20,,59.91,process_deliverable_1,2021-07-29 18:51:58.883212,2021-08-19 23:31:30.865548
314,134,19,,59.91,process_deliverable_1,2021-07-29 18:51:58.883212,2021-08-19 23:31:30.865548
315,133,9,,157.53,process_deliverable_2,2021-07-28 14:48:01.066477,2021-08-21 06:34:45.087087
316,133,26,,157.53,process_deliverable_2,2021-07-28 14:48:01.066477,2021-08-21 06:34:45.087087
317,132,2,,75.7,process_deliverable_4,2021-07-23 04:10:08.839851,2021-08-26 03:11:47.899082
318,132,11,,75.7,process_deliverable_4,2021-07-23 04:10:08.839851,2021-08-26 03:11:47.899082
319,132,21,,75.7,process_deliverable_4,2021-07-23 04:10:08.839851,2021-08-26 03:11:47.899082
320,132,16,,75.7,process_deliverable_4,2021-07-23 04:10:08.839851,2021-08-26 03:11:47.899082
321,132,27,,75.7,process_deliverable_4,2021-07-23 04:10:08.839851,2021-08-26 03:11:47.899082
322,137,38,,56.11,process_deliverable_2,2021-08-19 23:31:30.865548,2021-08-30 11:03:41.906847
323,137,15,,56.11,process_deliverable_2,2021-08-19 23:31:30.865548,2021-08-30 11:03:41.906847
324,135,34,,105.49,process_deliverable_2,2021-08-17 05:40:33.555952,2021-09-11 03:40:16.398746
325,135,10,,105.49,process_deliverable_2,2021-08-17 05:40:33.555952,2021-09-11 03:40:16.398746
326,136,54,,101.37,process_deliverable_1,2021-08-18 15:59:00.250833,2021-09-12 06:08:46.818732
327,136,29,,101.37,process_deliverable_1,2021-08-18 15:59:00.250833,2021-09-12 06:08:46.818732
328,138,22,,27.26,process_deliverable_4,2021-08-21 06:34:45.087087,2021-09-23 01:35:56.690588
329,138,28,,27.26,process_deliverable_4,2021-08-21 06:34:45.087087,2021-09-23 01:35:56.690588
330,138,30,,27.26,process_deliverable_4,2021-08-21 06:34:45.087087,2021-09-23 01:35:56.690588
331,138,25,,27.26,process_deliverable_4,2021-08-21 06:34:45.087087,2021-09-23 01:35:56.690588
332,138,32,,27.26,process_deliverable_4,2021-08-21 06:34:45.087087,2021-09-23 01:35:56.690588
333,139,42,,38.82,process_deliverable_5,2021-08-26 03:11:47.899082,2021-09-24 19:04:01.686984
334,139,33,,38.82,process_deliverable_5,2021-08-26 03:11:47.899082,2021-09-24 19:04:01.686984
335,139,37,,38.82,process_deliverable_5,2021-08-26 03:11:47.899082,2021-09-24 19:04:01.686984
336,141,4,,42.91,process_deliverable_1,2021-09-01 04:47:09.878463,2021-09-25 23:44:16.939768
337,141,44,,42.91,process_deliverable_1,2021-09-01 04:47:09.878463,2021-09-25 23:44:16.939768
338,140,36,,134.04,process_deliverable_4,2021-08-30 11:03:41.906847,2021-09-29 09:01:21.520265
339,140,43,,134.04,process_deliverable_4,2021-08-30 11:03:41.906847,2021-09-29 09:01:21.520265
340,140,49,,134.04,process_deliverable_4,2021-08-30 11:03:41.906847,2021-09-29 09:01:21.520265
341,140,59,,134.04,process_deliverable_4,2021-08-30 11:03:41.906847,2021-09-29 09:01:21.520265
342,140,60,,134.04,process_deliverable_4,2021-08-30 11:03:41.906847,2021-09-29 09:01:21.520265
343,142,24,,142.81,process_deliverable_4,2021-09-11 03:40:16.398746,2021-10-07 00:08:34.320436
344,142,35,,142.81,process_deliverable_4,2021-09-11 03:40:16.398746,2021-10-07 00:08:34.320436
345,142,39,,142.81,process_deliverable_4,2021-09-11 03:40:16.398746,2021-10-07 00:08:34.320436
346,142,40,,142.81,process_deliverable_4,2021-09-11 03:40:16.398746,2021-10-07 00:08:34.320436
347,142,41,,142.81,process_deliverable_4,2021-09-11 03:40:16.398746,2021-10-07 00:08:34.320436
348,144,53,,134.32,process_deliverable_5,2021-09-23 01:35:56.690588,2021-10-09 18:57:00.497687
349,144,51,,134.32,process_deliverable_5,2021-09-23 01:35:56.690588,2021-10-09 18:57:00.497687
350,144,52,,134.32,process_deliverable_5,2021-09-23 01:35:56.690588,2021-10-09 18:57:00.497687
351,147,3,,131.16,process_deliverable_5,2021-09-29 09:01:21.520265,2021-10-11 22:03:38.677813
352,147,58,,131.16,process_deliverable_5,2021-09-29 09:01:21.520265,2021-10-11 22:03:38.677813
353,147,1,,131.16,process_deliverable_5,2021-09-29 09:01:21.520265,2021-10-11 22:03:38.677813
354,145,46,,121.12,process_deliverable_1,2021-09-25 14:36:51.772040,2021-10-19 10:44:08.463352
355,145,56,,121.12,process_deliverable_1,2021-09-25 14:36:51.772040,2021-10-19 10:44:08.463352
356,146,57,,109.76,process_deliverable_2,2021-09-25 23:44:16.939768,2021-10-28 02:34:38.027733
357,146,50,,109.76,process_deliverable_2,2021-09-25 23:44:16.939768,2021-10-28 02:34:38.027733
358,143,45,,68.4,process_deliverable_2,2021-09-12 06:08:46.818732,2021-10-29 17:49:15.404458
359,143,47,,68.4,process_deliverable_2,2021-09-12 06:08:46.818732,2021-10-29 17:49:15.404458
360,148,7,,147.18,process_deliverable_5,2021-10-07 00:08:34.320436,2021-11-06 12:45:13.111678
361,148,6,,147.18,process_deliverable_5,2021-10-07 00:08:34.320436,2021-11-06 12:45:13.111678
362,148,8,,147.18,process_deliverable_5,2021-10-07 00:08:34.320436,2021-11-06 12:45:13.111678
363,149,23,,123.1,process_deliverable_2,2021-10-19 10:44:08.463352,2021-11-13 08:02:11.668125
364,149,55,,123.1,process_deliverable_2,2021-10-19 10:44:08.463352,2021-11-13 08:02:11.668125
365,150,5,,35.85,process_deliverable_4,2021-10-28 02:34:38.027733,2021-11-13 16:21:52.533294
366,150,26,,35.85,process_deliverable_4,2021-10-28 02:34:38.027733,2021-11-13 16:21:52.533294
367,150,13,,35.85,process_deliverable_4,2021-10-28 02:34:38.027733,2021-11-13 16:21:52.533294
368,150,31,,35.85,process_deliverable_4,2021-10-28 02:34:38.027733,2021-11-13 16:21:52.533294
369,150,17,,35.85,process_deliverable_4,2021-10-28 02:34:38.027733,2021-11-13 16:21:52.533294
370,151,2,,137.45,process_deliverable_4,2021-10-29 17:49:15.404458,2021-11-28 17:01:22.625749
371,151,11,,137.45,process_deliverable_4,2021-10-29 17:49:15.404458,2021-11-28 17:01:22.625749
372,151,21,,137.45,process_deliverable_4,2021-10-29 17:49:15.404458,2021-11-28 17:01:22.625749
373,151,16,,137.45,process_deliverable_4,2021-10-29 17:49:15.404458,2021-11-28 17:01:22.625749
374,151,27,,137.45,process_deliverable_4,2021-10-29 17:49:15.404458,2021-11-28 17:01:22.625749
375,152,15,,75.86,process_deliverable_4,2021-11-13 08:02:11.668125,2021-12-10 16:52:41.976904
376,152,10,,75.86,process_deliverable_4,2021-11-13 08:02:11.668125,2021-12-10 16:52:41.976904
377,152,30,,75.86,process_deliverable_4,2021-11-13 08:02:11.668125,2021-12-10 16:52:41.976904
378,152,25,,75.86,process_deliverable_4,2021-11-13 08:02:11.668125,2021-12-10 16:52:41.976904
379,152,32,,75.86,process_deliverable_4,2021-11-13 08:02:11.668125,2021-12-10 16:52:41.976904
380,153,12,,112.9,process_deliverable_5,2021-11-13 16:21:52.533294,2021-12-17 03:35:05.645549
381,153,33,,112.9,process_deliverable_5,2021-11-13 16:21:52.533294,2021-12-17 03:35:05.645549
382,153,37,,112.9,process_deliverable_5,2021-11-13 16:21:52.533294,2021-12-17 03:35:05.645549
383,156,20,,98.35,process_deliverable_1,2021-12-14 04:27:17.049028,2021-12-31 15:59:24.766365
384,156,38,,98.35,process_deliverable_1,2021-12-14 04:27:17.049028,2021-12-31 15:59:24.766365
385,155,9,,34.58,process_deliverable_5,2021-12-10 16:52:41.976904,2022-01-11 08:54:08.549971
386,155,60,,34.58,process_deliverable_5,2021-12-10 16:52:41.976904,2022-01-11 08:54:08.549971
387,155,39,,34.58,process_deliverable_5,2021-12-10 16:52:41.976904,2022-01-11 08:54:08.549971
388,154,19,,77.32,process_deliverable_5,2021-11-28 17:01:22.625749,2022-01-13 11:31:23.004080
389,154,49,,77.32,process_deliverable_5,2021-11-28 17:01:22.625749,2022-01-13 11:31:23.004080
390,154,59,,77.32,process_deliverable_5,2021-11-28 17:01:22.625749,2022-01-13 11:31:23.004080
391,157,54,,113.11,process_deliverable_1,2021-12-14 07:47:51.145328,2022-01-19 05:03:37.675199
392,157,34,,113.11,process_deliverable_1,2021-12-14 07:47:51.145328,2022-01-19 05:03:37.675199
393,158,4,,148.02,process_deliverable_1,2021-12-20 03:31:00.417644,2022-01-24 18:53:23.761686
394,158,29,,148.02,process_deliverable_1,2021-12-20 03:31:00.417644,2022-01-24 18:53:23.761686
395,160,46,,61.6,process_deliverable_1,2022-01-08 07:26:33.193865,2022-01-28 09:45:42.682633
396,160,44,,61.6,process_deliverable_1,2022-01-08 07:26:33.193865,2022-01-28 09:45:42.682633
397,159,42,,151.16,process_deliverable_2,2021-12-31 15:59:24.766365,2022-01-30 16:41:01.367734
398,159,22,,151.16,process_deliverable_2,2021-12-31 15:59:24.766365,2022-01-30 16:41:01.367734
399,164,54,,50.09,process_deliverable_1,2022-01-27 07:38:24.708462,2022-02-14 20:33:25.858986
400,164,57,,50.09,process_deliverable_1,2022-01-27 07:38:24.708462,2022-02-14 20:33:25.858986
401,163,56,,27.2,process_deliverable_2,2022-01-24 18:53:23.761686,2022-02-24 11:20:13.480955
402,163,36,,27.2,process_deliverable_2,2022-01-24 18:53:23.761686,2022-02-24 11:20:13.480955
403,166,24,,103.56,process_deliverable_4,2022-01-30 16:41:01.367734,2022-02-25 13:31:07.327177
404,166,35,,103.56,process_deliverable_4,2022-01-30 16:41:01.367734,2022-02-25 13:31:07.327177
405,166,40,,103.56,process_deliverable_4,2022-01-30 16:41:01.367734,2022-02-25 13:31:07.327177
406,166,41,,103.56,process_deliverable_4,2022-01-30 16:41:01.367734,2022-02-25 13:31:07.327177
407,166,51,,103.56,process_deliverable_4,2022-01-30 16:41:01.367734,2022-02-25 13:31:07.327177
408,161,20,,30.52,process_deliverable_1,2022-01-17 18:46:08.893741,2022-02-26 03:01:07.521377
409,161,53,,30.52,process_deliverable_1,2022-01-17 18:46:08.893741,2022-02-26 03:01:07.521377
410,162,3,,89.37,process_deliverable_2,2022-01-19 05:03:37.675199,2022-02-27 04:54:12.830605
411,162,28,,89.37,process_deliverable_2,2022-01-19 05:03:37.675199,2022-02-27 04:54:12.830605
412,165,45,,95.87,process_deliverable_2,2022-01-28 09:45:42.682633,2022-03-11 23:25:21.787045
413,165,43,,95.87,process_deliverable_2,2022-01-28 09:45:42.682633,2022-03-11 23:25:21.787045
414,168,47,,112.23,process_deliverable_4,2022-02-24 11:20:13.480955,2022-03-13 20:06:53.427245
415,168,55,,112.23,process_deliverable_4,2022-02-24 11:20:13.480955,2022-03-13 20:06:53.427245
416,168,52,,112.23,process_deliverable_4,2022-02-24 11:20:13.480955,2022-03-13 20:06:53.427245
417,168,58,,112.23,process_deliverable_4,2022-02-24 11:20:13.480955,2022-03-13 20:06:53.427245
418,168,1,,112.23,process_deliverable_4,2022-02-24 11:20:13.480955,2022-03-13 20:06:53.427245
419,171,26,,138.89,process_deliverable_4,2022-02-27 04:54:12.830605,2022-03-16 07:10:03.268874
420,171,2,,138.89,process_deliverable_4,2022-02-27 04:54:12.830605,2022-03-16 07:10:03.268874
421,171,13,,138.89,process_deliverable_4,2022-02-27 04:54:12.830605,2022-03-16 07:10:03.268874
422,171,31,,138.89,process_deliverable_4,2022-02-27 04:54:12.830605,2022-03-16 07:10:03.268874
423,171,17,,138.89,process_deliverable_4,2022-02-27 04:54:12.830605,2022-03-16 07:10:03.268874
424,167,7,,158.27,process_deliverable_2,2022-02-14 20:33:25.858986,2022-03-19 02:37:42.298533
425,167,50,,158.27,process_deliverable_2,2022-02-14 20:33:25.858986,2022-03-19 02:37:42.298533
426,169,23,,25.52,process_deliverable_5,2022-02-25 13:31:07.327177,2022-03-23 02:21:13.106696
427,169,6,,25.52,process_deliverable_5,2022-02-25 13:31:07.327177,2022-03-23 02:21:13.106696
428,169,8,,25.52,process_deliverable_5,2022-02-25 13:31:07.327177,2022-03-23 02:21:13.106696
429,170,12,,121.47,process_deliverable_2,2022-02-26 03:01:07.521377,2022-03-27 19:45:43.874788
430,170,5,,121.47,process_deliverable_2,2022-02-26 03:01:07.521377,2022-03-27 19:45:43.874788
431,175,19,,130.7,process_deliverable_5,2022-03-16 07:10:03.268874,2022-04-02 14:42:24.702919
432,175,32,,130.7,process_deliverable_5,2022-03-16 07:10:03.268874,2022-04-02 14:42:24.702919
433,175,33,,130.7,process_deliverable_5,2022-03-16 07:10:03.268874,2022-04-02 14:42:24.702919
434,172,4,,69.1,process_deliverable_1,2022-03-08 12:06:30.030841,2022-04-09 20:22:52.515440
435,172,38,,69.1,process_deliverable_1,2022-03-08 12:06:30.030841,2022-04-09 20:22:52.515440
436,173,11,,52.71,process_deliverable_4,2022-03-11 23:25:21.787045,2022-04-14 16:37:41.050558
437,173,15,,52.71,process_deliverable_4,2022-03-11 23:25:21.787045,2022-04-14 16:37:41.050558
438,173,21,,52.71,process_deliverable_4,2022-03-11 23:25:21.787045,2022-04-14 16:37:41.050558
439,173,16,,52.71,process_deliverable_4,2022-03-11 23:25:21.787045,2022-04-14 16:37:41.050558
440,173,27,,52.71,process_deliverable_4,2022-03-11 23:25:21.787045,2022-04-14 16:37:41.050558
441,174,9,,22.5,process_deliverable_5,2022-03-13 20:06:53.427245,2022-04-15 04:03:00.180477
442,174,30,,22.5,process_deliverable_5,2022-03-13 20:06:53.427245,2022-04-15 04:03:00.180477
443,174,25,,22.5,process_deliverable_5,2022-03-13 20:06:53.427245,2022-04-15 04:03:00.180477
444,176,10,,149.89,process_deliverable_4,2022-03-19 02:37:42.298533,2022-04-15 16:54:01.410575
445,176,22,,149.89,process_deliverable_4,2022-03-19 02:37:42.298533,2022-04-15 16:54:01.410575
446,176,37,,149.89,process_deliverable_4,2022-03-19 02:37:42.298533,2022-04-15 16:54:01.410575
447,176,60,,149.89,process_deliverable_4,2022-03-19 02:37:42.298533,2022-04-15 16:54:01.410575
448,176,39,,149.89,process_deliverable_4,2022-03-19 02:37:42.298533,2022-04-15 16:54:01.410575
449,177,36,,126.15,process_deliverable_4,2022-03-27 19:45:43.874788,2022-04-27 17:04:26.450678
450,177,24,,126.15,process_deliverable_4,2022-03-27 19:45:43.874788,2022-04-27 17:04:26.450678
451,177,49,,126.15,process_deliverable_4,2022-03-27 19:45:43.874788,2022-04-27 17:04:26.450678
452,177,59,,126.15,process_deliverable_4,2022-03-27 19:45:43.874788,2022-04-27 17:04:26.450678
453,177,40,,126.15,process_deliverable_4,2022-03-27 19:45:43.874788,2022-04-27 17:04:26.450678
454,179,46,,41.55,process_deliverable_1,2022-04-13 02:21:05.371527,2022-05-04 01:19:26.479390
455,179,29,,41.55,process_deliverable_1,2022-04-13 02:21:05.371527,2022-05-04 01:19:26.479390
456,180,44,,95.18,process_deliverable_5,2022-04-14 16:37:41.050558,2022-05-05 08:04:29.498464
457,180,41,,95.18,process_deliverable_5,2022-04-14 16:37:41.050558,2022-05-05 08:04:29.498464
458,180,51,,95.18,process_deliverable_5,2022-04-14 16:37:41.050558,2022-05-05 08:04:29.498464
459,178,34,,50.83,process_deliverable_2,2022-04-09 20:22:52.515440,2022-05-08 04:16:48.525937
460,178,35,,50.83,process_deliverable_2,2022-04-09 20:22:52.515440,2022-05-08 04:16:48.525937
461,181,42,,30.66,process_deliverable_5,2022-04-15 16:54:01.410575,2022-05-11 02:10:09.533061
462,181,52,,30.66,process_deliverable_5,2022-04-15 16:54:01.410575,2022-05-11 02:10:09.533061
463,181,58,,30.66,process_deliverable_5,2022-04-15 16:54:01.410575,2022-05-11 02:10:09.533061
464,182,57,,67.86,process_deliverable_5,2022-04-27 17:04:26.450678,2022-05-17 11:54:51.189477
465,182,1,,67.86,process_deliverable_5,2022-04-27 17:04:26.450678,2022-05-17 11:54:51.189477
466,182,13,,67.86,process_deliverable_5,2022-04-27 17:04:26.450678,2022-05-17 11:54:51.189477
467,183,56,,65.31,process_deliverable_2,2022-05-04 01:19:26.479390,2022-05-27 02:50:55.026058
468,183,28,,65.31,process_deliverable_2,2022-05-04 01:19:26.479390,2022-05-27 02:50:55.026058
469,184,43,,127.86,process_deliverable_4,2022-05-08 04:16:48.525937,2022-05-29 12:33:54.968895
470,184,47,,127.86,process_deliverable_4,2022-05-08 04:16:48.525937,2022-05-29 12:33:54.968895
471,184,31,,127.86,process_deliverable_4,2022-05-08 04:16:48.525937,2022-05-29 12:33:54.968895
472,184,17,,127.86,process_deliverable_4,2022-05-08 04:16:48.525937,2022-05-29 12:33:54.968895
473,184,6,,127.86,process_deliverable_4,2022-05-08 04:16:48.525937,2022-05-29 12:33:54.968895
474,188,45,,159.6,process_deliverable_5,2022-05-29 12:33:54.968895,2022-06-14 14:47:54.068683
475,188,21,,159.6,process_deliverable_5,2022-05-29 12:33:54.968895,2022-06-14 14:47:54.068683
476,188,16,,159.6,process_deliverable_5,2022-05-29 12:33:54.968895,2022-06-14 14:47:54.068683
477,186,20,,58.39,process_deliverable_1,2022-05-16 20:42:33.116090,2022-06-17 15:05:49.036271
478,186,3,,58.39,process_deliverable_1,2022-05-16 20:42:33.116090,2022-06-17 15:05:49.036271
479,185,54,,52.19,process_deliverable_1,2022-05-12 17:22:30.668099,2022-06-18 16:09:18.354604
480,185,53,,52.19,process_deliverable_1,2022-05-12 17:22:30.668099,2022-06-18 16:09:18.354604
481,187,55,,24.36,process_deliverable_4,2022-05-27 02:50:55.026058,2022-06-20 10:30:47.927811
482,187,26,,24.36,process_deliverable_4,2022-05-27 02:50:55.026058,2022-06-20 10:30:47.927811
483,187,8,,24.36,process_deliverable_4,2022-05-27 02:50:55.026058,2022-06-20 10:30:47.927811
484,187,32,,24.36,process_deliverable_4,2022-05-27 02:50:55.026058,2022-06-20 10:30:47.927811
485,187,33,,24.36,process_deliverable_4,2022-05-27 02:50:55.026058,2022-06-20 10:30:47.927811
486,190,23,,86.25,process_deliverable_2,2022-06-18 16:09:18.354604,2022-07-15 05:27:06.531137
487,190,50,,86.25,process_deliverable_2,2022-06-18 16:09:18.354604,2022-07-15 05:27:06.531137
488,189,7,,45.97,process_deliverable_2,2022-06-17 15:05:49.036271,2022-07-21 21:56:32.024513
489,189,2,,45.97,process_deliverable_2,2022-06-17 15:05:49.036271,2022-07-21 21:56:32.024513
490,191,12,,138.27,process_deliverable_5,2022-06-20 10:30:47.927811,2022-07-25 02:11:51.994206
491,191,27,,138.27,process_deliverable_5,2022-06-20 10:30:47.927811,2022-07-25 02:11:51.994206
492,191,30,,138.27,process_deliverable_5,2022-06-20 10:30:47.927811,2022-07-25 02:11:51.994206
493,192,5,,87.19,process_deliverable_4,2022-07-15 05:27:06.531137,2022-08-09 19:49:54.750180
494,192,11,,87.19,process_deliverable_4,2022-07-15 05:27:06.531137,2022-08-09 19:49:54.750180
495,192,25,,87.19,process_deliverable_4,2022-07-15 05:27:06.531137,2022-08-09 19:49:54.750180
496,192,37,,87.19,process_deliverable_4,2022-07-15 05:27:06.531137,2022-08-09 19:49:54.750180
497,192,60,,87.19,process_deliverable_4,2022-07-15 05:27:06.531137,2022-08-09 19:49:54.750180
498,193,15,,140.42,process_deliverable_4,2022-07-21 21:56:32.024513,2022-08-23 20:50:18.383861
499,193,10,,140.42,process_deliverable_4,2022-07-21 21:56:32.024513,2022-08-23 20:50:18.383861
500,193,39,,140.42,process_deliverable_4,2022-07-21 21:56:32.024513,2022-08-23 20:50:18.383861
501,193,49,,140.42,process_deliverable_4,2022-07-21 21:56:32.024513,2022-08-23 20:50:18.383861
502,193,59,,140.42,process_deliverable_4,2022-07-21 21:56:32.024513,2022-08-23 20:50:18.383861
503,195,38,,69.09,process_deliverable_5,2022-08-23 20:50:18.383861,2022-09-13 05:06:31.597282
504,195,51,,69.09,process_deliverable_5,2022-08-23 20:50:18.383861,2022-09-13 05:06:31.597282
505,195,52,,69.09,process_deliverable_5,2022-08-23 20:50:18.383861,2022-09-13 05:06:31.597282
506,194,19,,48.02,process_deliverable_5,2022-08-09 19:49:54.750180,2022-09-13 23:47:00.566967
507,194,40,,48.02,process_deliverable_5,2022-08-09 19:49:54.750180,2022-09-13 23:47:00.566967
508,194,41,,48.02,process_deliverable_5,2022-08-09 19:49:54.750180,2022-09-13 23:47:00.566967
509,196,4,,130.56,process_deliverable_1,2022-09-13 01:23:12.825079,2022-10-04 22:09:55.294689
510,196,9,,130.56,process_deliverable_1,2022-09-13 01:23:12.825079,2022-10-04 22:09:55.294689
511,197,46,,89.75,process_deliverable_1,2022-09-16 09:12:05.228778,2022-10-07 03:53:47.914671
512,197,29,,89.75,process_deliverable_1,2022-09-16 09:12:05.228778,2022-10-07 03:53:47.914671
513,199,34,,159.49,process_deliverable_2,2022-10-07 03:53:47.914671,2022-10-28 15:07:00.445727
514,199,36,,159.49,process_deliverable_2,2022-10-07 03:53:47.914671,2022-10-28 15:07:00.445727
515,198,44,,111.05,process_deliverable_2,2022-10-04 22:09:55.294689,2022-10-29 05:14:35.720621
516,198,22,,111.05,process_deliverable_2,2022-10-04 22:09:55.294689,2022-10-29 05:14:35.720621
517,201,28,,24.29,process_deliverable_4,2022-10-29 05:14:35.720621,2022-11-22 16:51:51.463467
518,201,43,,24.29,process_deliverable_4,2022-10-29 05:14:35.720621,2022-11-22 16:51:51.463467
519,201,31,,24.29,process_deliverable_4,2022-10-29 05:14:35.720621,2022-11-22 16:51:51.463467
520,201,17,,24.29,process_deliverable_4,2022-10-29 05:14:35.720621,2022-11-22 16:51:51.463467
521,201,6,,24.29,process_deliverable_4,2022-10-29 05:14:35.720621,2022-11-22 16:51:51.463467
522,200,24,,142.28,process_deliverable_4,2022-10-28 15:07:00.445727,2022-11-30 21:40:31.865603
523,200,35,,142.28,process_deliverable_4,2022-10-28 15:07:00.445727,2022-11-30 21:40:31.865603
524,200,58,,142.28,process_deliverable_4,2022-10-28 15:07:00.445727,2022-11-30 21:40:31.865603
525,200,1,,142.28,process_deliverable_4,2022-10-28 15:07:00.445727,2022-11-30 21:40:31.865603
526,200,13,,142.28,process_deliverable_4,2022-10-28 15:07:00.445727,2022-11-30 21:40:31.865603
527,203,20,,79.04,process_deliverable_1,2022-11-22 22:40:39.655069,2022-12-20 04:58:18.618565
528,203,57,,79.04,process_deliverable_1,2022-11-22 22:40:39.655069,2022-12-20 04:58:18.618565
529,202,42,,49.49,process_deliverable_5,2022-11-22 16:51:51.463467,2022-12-22 04:24:44.101553
530,202,21,,49.49,process_deliverable_5,2022-11-22 16:51:51.463467,2022-12-22 04:24:44.101553
531,202,16,,49.49,process_deliverable_5,2022-11-22 16:51:51.463467,2022-12-22 04:24:44.101553
532,204,56,,86.45,process_deliverable_5,2022-11-30 21:40:31.865603,2023-01-10 08:51:17.373605
533,204,8,,86.45,process_deliverable_5,2022-11-30 21:40:31.865603,2023-01-10 08:51:17.373605
534,204,32,,86.45,process_deliverable_5,2022-11-30 21:40:31.865603,2023-01-10 08:51:17.373605
535,205,45,,113.36,process_deliverable_2,2022-12-20 04:58:18.618565,2023-01-22 19:27:19.955185
536,205,47,,113.36,process_deliverable_2,2022-12-20 04:58:18.618565,2023-01-22 19:27:19.955185
537,206,54,,115.65,process_deliverable_1,2022-12-31 21:53:16.176165,2023-02-01 06:01:50.468470
538,206,3,,115.65,process_deliverable_1,2022-12-31 21:53:16.176165,2023-02-01 06:01:50.468470
539,207,4,,112.1,process_deliverable_1,2023-01-09 20:52:10.778224,2023-02-12 19:10:44.163463
540,207,53,,112.1,process_deliverable_1,2023-01-09 20:52:10.778224,2023-02-12 19:10:44.163463
541,208,55,,129.53,process_deliverable_4,2023-01-22 19:27:19.955185,2023-02-13 05:47:34.563092
542,208,26,,129.53,process_deliverable_4,2023-01-22 19:27:19.955185,2023-02-13 05:47:34.563092
543,208,33,,129.53,process_deliverable_4,2023-01-22 19:27:19.955185,2023-02-13 05:47:34.563092
544,208,27,,129.53,process_deliverable_4,2023-01-22 19:27:19.955185,2023-02-13 05:47:34.563092
545,208,30,,129.53,process_deliverable_4,2023-01-22 19:27:19.955185,2023-02-13 05:47:34.563092
546,211,20,,123.38,process_deliverable_1,2023-02-03 19:59:06.262104,2023-02-23 19:23:56.568407
547,211,12,,123.38,process_deliverable_1,2023-02-03 19:59:06.262104,2023-02-23 19:23:56.568407
548,209,46,,113.46,process_deliverable_1,2023-01-31 20:59:18.489578,2023-03-04 08:15:46.895423
549,209,23,,113.46,process_deliverable_1,2023-01-31 20:59:18.489578,2023-03-04 08:15:46.895423
550,210,7,,126.72,process_deliverable_2,2023-02-01 06:01:50.468470,2023-03-07 23:48:32.020478
551,210,50,,126.72,process_deliverable_2,2023-02-01 06:01:50.468470,2023-03-07 23:48:32.020478
552,213,19,,36.83,process_deliverable_5,2023-02-13 05:47:34.563092,2023-03-11 11:23:35.112805
553,213,25,,36.83,process_deliverable_5,2023-02-13 05:47:34.563092,2023-03-11 11:23:35.112805
554,213,37,,36.83,process_deliverable_5,2023-02-13 05:47:34.563092,2023-03-11 11:23:35.112805
555,214,9,,84.89,process_deliverable_2,2023-02-23 19:23:56.568407,2023-03-12 00:21:18.361619
556,214,5,,84.89,process_deliverable_2,2023-02-23 19:23:56.568407,2023-03-12 00:21:18.361619
557,212,38,,87.09,process_deliverable_2,2023-02-12 19:10:44.163463,2023-03-19 20:02:34.391782
558,212,2,,87.09,process_deliverable_2,2023-02-12 19:10:44.163463,2023-03-19 20:02:34.391782
559,215,29,,67.77,process_deliverable_2,2023-03-04 08:15:46.895423,2023-03-25 19:23:51.676966
560,215,11,,67.77,process_deliverable_2,2023-03-04 08:15:46.895423,2023-03-25 19:23:51.676966
561,217,36,,94.7,process_deliverable_4,2023-03-12 00:21:18.361619,2023-04-09 10:17:27.517170
562,217,22,,94.7,process_deliverable_4,2023-03-12 00:21:18.361619,2023-04-09 10:17:27.517170
563,217,59,,94.7,process_deliverable_4,2023-03-12 00:21:18.361619,2023-04-09 10:17:27.517170
564,217,51,,94.7,process_deliverable_4,2023-03-12 00:21:18.361619,2023-04-09 10:17:27.517170
565,217,52,,94.7,process_deliverable_4,2023-03-12 00:21:18.361619,2023-04-09 10:17:27.517170
566,216,15,,127.08,process_deliverable_4,2023-03-07 23:48:32.020478,2023-04-14 00:29:16.768839
567,216,10,,127.08,process_deliverable_4,2023-03-07 23:48:32.020478,2023-04-14 00:29:16.768839
568,216,60,,127.08,process_deliverable_4,2023-03-07 23:48:32.020478,2023-04-14 00:29:16.768839
569,216,39,,127.08,process_deliverable_4,2023-03-07 23:48:32.020478,2023-04-14 00:29:16.768839
570,216,49,,127.08,process_deliverable_4,2023-03-07 23:48:32.020478,2023-04-14 00:29:16.768839
571,220,34,,149.78,process_deliverable_5,2023-04-09 10:17:27.517170,2023-04-24 15:50:50.057439
572,220,1,,149.78,process_deliverable_5,2023-04-09 10:17:27.517170,2023-04-24 15:50:50.057439
573,220,13,,149.78,process_deliverable_5,2023-04-09 10:17:27.517170,2023-04-24 15:50:50.057439
574,218,28,,63.02,process_deliverable_4,2023-03-19 20:02:34.391782,2023-04-24 17:13:49.969116
575,218,43,,63.02,process_deliverable_4,2023-03-19 20:02:34.391782,2023-04-24 17:13:49.969116
576,218,40,,63.02,process_deliverable_4,2023-03-19 20:02:34.391782,2023-04-24 17:13:49.969116
577,218,41,,63.02,process_deliverable_4,2023-03-19 20:02:34.391782,2023-04-24 17:13:49.969116
578,218,31,,63.02,process_deliverable_4,2023-03-19 20:02:34.391782,2023-04-24 17:13:49.969116
579,219,24,,34.96,process_deliverable_4,2023-03-25 19:23:51.676966,2023-05-02 22:13:20.337226
580,219,35,,34.96,process_deliverable_4,2023-03-25 19:23:51.676966,2023-05-02 22:13:20.337226
581,219,17,,34.96,process_deliverable_4,2023-03-25 19:23:51.676966,2023-05-02 22:13:20.337226
582,219,6,,34.96,process_deliverable_4,2023-03-25 19:23:51.676966,2023-05-02 22:13:20.337226
583,219,58,,34.96,process_deliverable_4,2023-03-25 19:23:51.676966,2023-05-02 22:13:20.337226
584,221,44,,55.92,process_deliverable_5,2023-04-14 00:29:16.768839,2023-05-10 06:02:12.464736
585,221,21,,55.92,process_deliverable_5,2023-04-14 00:29:16.768839,2023-05-10 06:02:12.464736
586,221,16,,55.92,process_deliverable_5,2023-04-14 00:29:16.768839,2023-05-10 06:02:12.464736
587,222,57,,83.25,process_deliverable_5,2023-04-24 17:13:49.969116,2023-05-16 01:34:19.387976
588,222,8,,83.25,process_deliverable_5,2023-04-24 17:13:49.969116,2023-05-16 01:34:19.387976
589,222,32,,83.25,process_deliverable_5,2023-04-24 17:13:49.969116,2023-05-16 01:34:19.387976
590,224,56,,92.67,process_deliverable_5,2023-05-02 22:13:20.337226,2023-06-01 11:33:56.924745
591,224,33,,92.67,process_deliverable_5,2023-05-02 22:13:20.337226,2023-06-01 11:33:56.924745
592,224,27,,92.67,process_deliverable_5,2023-05-02 22:13:20.337226,2023-06-01 11:33:56.924745
593,223,54,,65.41,process_deliverable_1,2023-04-25 00:28:37.337024,2023-06-04 22:42:37.044726
594,223,42,,65.41,process_deliverable_1,2023-04-25 00:28:37.337024,2023-06-04 22:42:37.044726
595,225,4,,113.73,process_deliverable_1,2023-05-23 07:03:05.997418,2023-06-16 04:30:32.042098
596,225,45,,113.73,process_deliverable_1,2023-05-23 07:03:05.997418,2023-06-16 04:30:32.042098
597,226,3,,122.29,process_deliverable_2,2023-06-04 22:42:37.044726,2023-07-03 16:56:43.655188
598,226,47,,122.29,process_deliverable_2,2023-06-04 22:42:37.044726,2023-07-03 16:56:43.655188
599,227,53,,28.42,process_deliverable_2,2023-06-16 04:30:32.042098,2023-07-19 01:16:06.772488
600,227,55,,28.42,process_deliverable_2,2023-06-16 04:30:32.042098,2023-07-19 01:16:06.772488
601,229,5,,95.02,process_deliverable_4,2023-07-19 01:16:06.772488,2023-08-09 02:49:56.015840
602,229,2,,95.02,process_deliverable_4,2023-07-19 01:16:06.772488,2023-08-09 02:49:56.015840
603,229,59,,95.02,process_deliverable_4,2023-07-19 01:16:06.772488,2023-08-09 02:49:56.015840
604,229,51,,95.02,process_deliverable_4,2023-07-19 01:16:06.772488,2023-08-09 02:49:56.015840
605,229,52,,95.02,process_deliverable_4,2023-07-19 01:16:06.772488,2023-08-09 02:49:56.015840
606,228,26,,83.05,process_deliverable_4,2023-07-03 16:56:43.655188,2023-08-14 07:57:52.763317
607,228,50,,83.05,process_deliverable_4,2023-07-03 16:56:43.655188,2023-08-14 07:57:52.763317
608,228,30,,83.05,process_deliverable_4,2023-07-03 16:56:43.655188,2023-08-14 07:57:52.763317
609,228,25,,83.05,process_deliverable_4,2023-07-03 16:56:43.655188,2023-08-14 07:57:52.763317
610,228,37,,83.05,process_deliverable_4,2023-07-03 16:56:43.655188,2023-08-14 07:57:52.763317
611,230,12,,131.36,process_deliverable_5,2023-08-09 02:49:56.015840,2023-09-10 12:34:25.351980
612,230,60,,131.36,process_deliverable_5,2023-08-09 02:49:56.015840,2023-09-10 12:34:25.351980
613,230,39,,131.36,process_deliverable_5,2023-08-09 02:49:56.015840,2023-09-10 12:34:25.351980
614,231,23,,92.2,process_deliverable_5,2023-08-14 07:57:52.763317,2023-09-20 12:43:05.693582
615,231,49,,92.2,process_deliverable_5,2023-08-14 07:57:52.763317,2023-09-20 12:43:05.693582
616,231,1,,92.2,process_deliverable_5,2023-08-14 07:57:52.763317,2023-09-20 12:43:05.693582
617,233,46,,96.71,process_deliverable_1,2023-10-17 05:21:31.995232,2023-11-10 06:39:57.063444
618,233,19,,96.71,process_deliverable_1,2023-10-17 05:21:31.995232,2023-11-10 06:39:57.063444
619,232,20,,65.45,process_deliverable_1,2023-10-12 11:24:36.603402,2023-11-12 21:08:32.797589
620,232,7,,65.45,process_deliverable_1,2023-10-12 11:24:36.603402,2023-11-12 21:08:32.797589
621,235,4,,109.21,process_deliverable_1,2023-10-23 18:27:40.444388,2023-11-20 13:26:22.685772
622,235,38,,109.21,process_deliverable_1,2023-10-23 18:27:40.444388,2023-11-20 13:26:22.685772
623,234,54,,145.32,process_deliverable_1,2023-10-20 13:45:52.300783,2023-11-25 21:47:35.167774
624,234,9,,145.32,process_deliverable_1,2023-10-20 13:45:52.300783,2023-11-25 21:47:35.167774
625,237,29,,92.58,process_deliverable_2,2023-11-10 06:39:57.063444,2023-11-29 22:13:54.402715
626,237,11,,92.58,process_deliverable_2,2023-11-10 06:39:57.063444,2023-11-29 22:13:54.402715
627,238,44,,33.78,process_deliverable_2,2023-11-12 21:08:32.797589,2023-12-10 14:24:27.265134
628,238,36,,33.78,process_deliverable_2,2023-11-12 21:08:32.797589,2023-12-10 14:24:27.265134
629,236,46,,127.01,process_deliverable_1,2023-11-10 06:39:57.063444,2023-12-12 07:59:12.562403
630,236,34,,127.01,process_deliverable_1,2023-11-10 06:39:57.063444,2023-12-12 07:59:12.562403
631,239,20,,73.47,process_deliverable_1,2023-11-18 10:52:13.503346,2023-12-15 20:01:43.863177
632,239,57,,73.47,process_deliverable_1,2023-11-18 10:52:13.503346,2023-12-15 20:01:43.863177
633,241,42,,36.99,process_deliverable_2,2023-11-25 21:47:35.167774,2023-12-19 10:11:24.738425
634,241,15,,36.99,process_deliverable_2,2023-11-25 21:47:35.167774,2023-12-19 10:11:24.738425
635,240,56,,94.24,process_deliverable_2,2023-11-20 13:26:22.685772,2023-12-25 00:13:34.925659
636,240,22,,94.24,process_deliverable_2,2023-11-20 13:26:22.685772,2023-12-25 00:13:34.925659
637,243,4,,155.59,process_deliverable_1,2023-12-03 12:04:00.215437,2023-12-28 08:13:47.654520
638,243,45,,155.59,process_deliverable_1,2023-12-03 12:04:00.215437,2023-12-28 08:13:47.654520
639,242,10,,124.73,process_deliverable_4,2023-11-29 22:13:54.402715,2023-12-29 02:31:19.815124
640,242,28,,124.73,process_deliverable_4,2023-11-29 22:13:54.402715,2023-12-29 02:31:19.815124
641,242,13,,124.73,process_deliverable_4,2023-11-29 22:13:54.402715,2023-12-29 02:31:19.815124
642,242,40,,124.73,process_deliverable_4,2023-11-29 22:13:54.402715,2023-12-29 02:31:19.815124
643,242,41,,124.73,process_deliverable_4,2023-11-29 22:13:54.402715,2023-12-29 02:31:19.815124
644,244,43,,111.91,process_deliverable_4,2023-12-10 14:24:27.265134,2024-01-04 13:09:02.115803
645,244,24,,111.91,process_deliverable_4,2023-12-10 14:24:27.265134,2024-01-04 13:09:02.115803
646,244,31,,111.91,process_deliverable_4,2023-12-10 14:24:27.265134,2024-01-04 13:09:02.115803
647,244,17,,111.91,process_deliverable_4,2023-12-10 14:24:27.265134,2024-01-04 13:09:02.115803
648,244,6,,111.91,process_deliverable_4,2023-12-10 14:24:27.265134,2024-01-04 13:09:02.115803
649,245,3,,134.23,process_deliverable_2,2023-12-12 07:59:12.562403,2024-01-13 13:59:05.452157
650,245,35,,134.23,process_deliverable_2,2023-12-12 07:59:12.562403,2024-01-13 13:59:05.452157
651,247,55,,84.48,process_deliverable_4,2023-12-19 10:11:24.738425,2024-01-20 21:59:37.300416
652,247,5,,84.48,process_deliverable_4,2023-12-19 10:11:24.738425,2024-01-20 21:59:37.300416
653,247,58,,84.48,process_deliverable_4,2023-12-19 10:11:24.738425,2024-01-20 21:59:37.300416
654,247,21,,84.48,process_deliverable_4,2023-12-19 10:11:24.738425,2024-01-20 21:59:37.300416
655,247,16,,84.48,process_deliverable_4,2023-12-19 10:11:24.738425,2024-01-20 21:59:37.300416
656,246,53,,121.99,process_deliverable_2,2023-12-15 20:01:43.863177,2024-01-22 00:18:12.757622
657,246,47,,121.99,process_deliverable_2,2023-12-15 20:01:43.863177,2024-01-22 00:18:12.757622
658,248,2,,95.91,process_deliverable_4,2023-12-25 00:13:34.925659,2024-01-30 13:57:49.388013
659,248,26,,95.91,process_deliverable_4,2023-12-25 00:13:34.925659,2024-01-30 13:57:49.388013
660,248,8,,95.91,process_deliverable_4,2023-12-25 00:13:34.925659,2024-01-30 13:57:49.388013
661,248,32,,95.91,process_deliverable_4,2023-12-25 00:13:34.925659,2024-01-30 13:57:49.388013
662,248,33,,95.91,process_deliverable_4,2023-12-25 00:13:34.925659,2024-01-30 13:57:49.388013
663,249,12,,99.1,process_deliverable_2,2023-12-28 08:13:47.654520,2024-02-04 12:46:25.838281
664,249,50,,99.1,process_deliverable_2,2023-12-28 08:13:47.654520,2024-02-04 12:46:25.838281
665,251,19,,142.27,process_deliverable_5,2024-01-04 13:09:02.115803,2024-02-05 10:41:47.360304
666,251,51,,142.27,process_deliverable_5,2024-01-04 13:09:02.115803,2024-02-05 10:41:47.360304
667,251,52,,142.27,process_deliverable_5,2024-01-04 13:09:02.115803,2024-02-05 10:41:47.360304
668,250,23,,24.94,process_deliverable_5,2023-12-29 02:31:19.815124,2024-02-07 16:47:59.263695
669,250,27,,24.94,process_deliverable_5,2023-12-29 02:31:19.815124,2024-02-07 16:47:59.263695
670,250,59,,24.94,process_deliverable_5,2023-12-29 02:31:19.815124,2024-02-07 16:47:59.263695
671,252,54,,33.02,process_deliverable_1,2024-01-06 16:58:19.546009,2024-02-09 10:00:57.412153
672,252,7,,33.02,process_deliverable_1,2024-01-06 16:58:19.546009,2024-02-09 10:00:57.412153
673,255,15,,29.08,process_deliverable_4,2024-01-22 00:18:12.757622,2024-02-11 17:47:05.412046
674,255,22,,29.08,process_deliverable_4,2024-01-22 00:18:12.757622,2024-02-11 17:47:05.412046
675,255,49,,29.08,process_deliverable_4,2024-01-22 00:18:12.757622,2024-02-11 17:47:05.412046
676,255,1,,29.08,process_deliverable_4,2024-01-22 00:18:12.757622,2024-02-11 17:47:05.412046
677,255,13,,29.08,process_deliverable_4,2024-01-22 00:18:12.757622,2024-02-11 17:47:05.412046
678,254,38,,98.61,process_deliverable_5,2024-01-20 21:59:37.300416,2024-02-12 05:18:04.589071
679,254,60,,98.61,process_deliverable_5,2024-01-20 21:59:37.300416,2024-02-12 05:18:04.589071
680,254,39,,98.61,process_deliverable_5,2024-01-20 21:59:37.300416,2024-02-12 05:18:04.589071
681,257,29,,50.89,process_deliverable_5,2024-01-30 13:57:49.388013,2024-02-14 06:54:07.508602
682,257,40,,50.89,process_deliverable_5,2024-01-30 13:57:49.388013,2024-02-14 06:54:07.508602
683,257,41,,50.89,process_deliverable_5,2024-01-30 13:57:49.388013,2024-02-14 06:54:07.508602
684,253,11,,136.44,process_deliverable_4,2024-01-13 13:59:05.452157,2024-02-16 10:41:43.375148
685,253,36,,136.44,process_deliverable_4,2024-01-13 13:59:05.452157,2024-02-16 10:41:43.375148
686,253,30,,136.44,process_deliverable_4,2024-01-13 13:59:05.452157,2024-02-16 10:41:43.375148
687,253,25,,136.44,process_deliverable_4,2024-01-13 13:59:05.452157,2024-02-16 10:41:43.375148
688,253,37,,136.44,process_deliverable_4,2024-01-13 13:59:05.452157,2024-02-16 10:41:43.375148
689,256,46,,92.53,process_deliverable_1,2024-01-23 16:19:33.381664,2024-02-20 19:53:58.431274
690,256,9,,92.53,process_deliverable_1,2024-01-23 16:19:33.381664,2024-02-20 19:53:58.431274
691,258,10,,137.87,process_deliverable_4,2024-02-04 12:46:25.838281,2024-03-04 01:56:59.938808
692,258,28,,137.87,process_deliverable_4,2024-02-04 12:46:25.838281,2024-03-04 01:56:59.938808
693,258,31,,137.87,process_deliverable_4,2024-02-04 12:46:25.838281,2024-03-04 01:56:59.938808
694,258,17,,137.87,process_deliverable_4,2024-02-04 12:46:25.838281,2024-03-04 01:56:59.938808
695,258,6,,137.87,process_deliverable_4,2024-02-04 12:46:25.838281,2024-03-04 01:56:59.938808
696,261,57,,132.37,process_deliverable_5,2024-02-16 10:41:43.375148,2024-03-07 05:23:03.600560
697,261,16,,132.37,process_deliverable_5,2024-02-16 10:41:43.375148,2024-03-07 05:23:03.600560
698,261,8,,132.37,process_deliverable_5,2024-02-16 10:41:43.375148,2024-03-07 05:23:03.600560
699,260,34,,59.51,process_deliverable_5,2024-02-11 17:47:05.412046,2024-03-08 16:03:14.192957
700,260,58,,59.51,process_deliverable_5,2024-02-11 17:47:05.412046,2024-03-08 16:03:14.192957
701,260,21,,59.51,process_deliverable_5,2024-02-11 17:47:05.412046,2024-03-08 16:03:14.192957
702,259,44,,39.49,process_deliverable_2,2024-02-09 10:00:57.412153,2024-03-23 22:00:36.733543
703,259,43,,39.49,process_deliverable_2,2024-02-09 10:00:57.412153,2024-03-23 22:00:36.733543
704,262,42,,77.55,process_deliverable_2,2024-02-20 19:53:58.431274,2024-03-27 01:26:15.026512
705,262,24,,77.55,process_deliverable_2,2024-02-20 19:53:58.431274,2024-03-27 01:26:15.026512
706,263,56,,98.42,process_deliverable_5,2024-03-04 01:56:59.938808,2024-03-30 17:11:57.076750
707,263,32,,98.42,process_deliverable_5,2024-03-04 01:56:59.938808,2024-03-30 17:11:57.076750
708,263,33,,98.42,process_deliverable_5,2024-03-04 01:56:59.938808,2024-03-30 17:11:57.076750
709,264,35,,91.75,process_deliverable_4,2024-03-23 22:00:36.733543,2024-04-20 19:39:17.716805
710,264,55,,91.75,process_deliverable_4,2024-03-23 22:00:36.733543,2024-04-20 19:39:17.716805
711,264,51,,91.75,process_deliverable_4,2024-03-23 22:00:36.733543,2024-04-20 19:39:17.716805
712,264,52,,91.75,process_deliverable_4,2024-03-23 22:00:36.733543,2024-04-20 19:39:17.716805
713,264,27,,91.75,process_deliverable_4,2024-03-23 22:00:36.733543,2024-04-20 19:39:17.716805
714,265,5,,130.08,process_deliverable_4,2024-03-27 01:26:15.026512,2024-04-25 18:56:47.424610
715,265,47,,130.08,process_deliverable_4,2024-03-27 01:26:15.026512,2024-04-25 18:56:47.424610
716,265,59,,130.08,process_deliverable_4,2024-03-27 01:26:15.026512,2024-04-25 18:56:47.424610
717,265,49,,130.08,process_deliverable_4,2024-03-27 01:26:15.026512,2024-04-25 18:56:47.424610
718,265,1,,130.08,process_deliverable_4,2024-03-27 01:26:15.026512,2024-04-25 18:56:47.424610
719,267,3,,147.29,process_deliverable_5,2024-04-20 19:39:17.716805,2024-05-14 06:55:06.578950
720,267,13,,147.29,process_deliverable_5,2024-04-20 19:39:17.716805,2024-05-14 06:55:06.578950
721,267,60,,147.29,process_deliverable_5,2024-04-20 19:39:17.716805,2024-05-14 06:55:06.578950
722,268,53,,41.29,process_deliverable_5,2024-04-25 18:56:47.424610,2024-05-23 09:03:15.705980
723,268,39,,41.29,process_deliverable_5,2024-04-25 18:56:47.424610,2024-05-23 09:03:15.705980
724,268,40,,41.29,process_deliverable_5,2024-04-25 18:56:47.424610,2024-05-23 09:03:15.705980
725,266,20,,21.77,process_deliverable_1,2024-04-15 19:18:05.395380,2024-05-28 04:57:38.655461
726,266,45,,21.77,process_deliverable_1,2024-04-15 19:18:05.395380,2024-05-28 04:57:38.655461
727,269,4,,144.64,process_deliverable_1,2024-05-05 16:39:38.332711,2024-06-02 06:24:19.268987
728,269,12,,144.64,process_deliverable_1,2024-05-05 16:39:38.332711,2024-06-02 06:24:19.268987
729,270,54,,135.95,process_deliverable_1,2024-05-17 17:14:08.331054,2024-06-16 19:17:47.987615
730,270,19,,135.95,process_deliverable_1,2024-05-17 17:14:08.331054,2024-06-16 19:17:47.987615
731,274,29,,44.33,process_deliverable_2,2024-06-16 19:17:47.987615,2024-06-29 02:58:05.808990
732,274,50,,44.33,process_deliverable_2,2024-06-16 19:17:47.987615,2024-06-29 02:58:05.808990
733,272,7,,68.71,process_deliverable_2,2024-06-02 06:24:19.268987,2024-07-01 20:01:47.421176
734,272,26,,68.71,process_deliverable_2,2024-06-02 06:24:19.268987,2024-07-01 20:01:47.421176
735,273,46,,124.84,process_deliverable_1,2024-06-09 13:30:24.805738,2024-07-06 22:11:25.722231
736,273,38,,124.84,process_deliverable_1,2024-06-09 13:30:24.805738,2024-07-06 22:11:25.722231
737,271,23,,137.8,process_deliverable_2,2024-05-28 04:57:38.655461,2024-07-07 18:10:18.238698
738,271,2,,137.8,process_deliverable_2,2024-05-28 04:57:38.655461,2024-07-07 18:10:18.238698
739,275,15,,157.07,process_deliverable_4,2024-06-29 02:58:05.808990,2024-07-23 04:00:01.576224
740,275,22,,157.07,process_deliverable_4,2024-06-29 02:58:05.808990,2024-07-23 04:00:01.576224
741,275,41,,157.07,process_deliverable_4,2024-06-29 02:58:05.808990,2024-07-23 04:00:01.576224
742,275,30,,157.07,process_deliverable_4,2024-06-29 02:58:05.808990,2024-07-23 04:00:01.576224
743,275,25,,157.07,process_deliverable_4,2024-06-29 02:58:05.808990,2024-07-23 04:00:01.576224
744,277,9,,65.51,process_deliverable_2,2024-07-06 22:11:25.722231,2024-07-24 07:05:27.800921
745,277,10,,65.51,process_deliverable_2,2024-07-06 22:11:25.722231,2024-07-24 07:05:27.800921
746,276,11,,29.75,process_deliverable_4,2024-07-01 20:01:47.421176,2024-07-26 23:01:50.824150
747,276,36,,29.75,process_deliverable_4,2024-07-01 20:01:47.421176,2024-07-26 23:01:50.824150
748,276,37,,29.75,process_deliverable_4,2024-07-01 20:01:47.421176,2024-07-26 23:01:50.824150
749,276,31,,29.75,process_deliverable_4,2024-07-01 20:01:47.421176,2024-07-26 23:01:50.824150
750,276,17,,29.75,process_deliverable_4,2024-07-01 20:01:47.421176,2024-07-26 23:01:50.824150
751,278,28,,127.25,process_deliverable_4,2024-07-07 18:10:18.238698,2024-08-13 11:08:20.492326
752,278,43,,127.25,process_deliverable_4,2024-07-07 18:10:18.238698,2024-08-13 11:08:20.492326
753,278,6,,127.25,process_deliverable_4,2024-07-07 18:10:18.238698,2024-08-13 11:08:20.492326
754,278,16,,127.25,process_deliverable_4,2024-07-07 18:10:18.238698,2024-08-13 11:08:20.492326
755,278,8,,127.25,process_deliverable_4,2024-07-07 18:10:18.238698,2024-08-13 11:08:20.492326
756,280,24,,147.01,process_deliverable_4,2024-07-24 07:05:27.800921,2024-08-15 18:21:35.687479
757,280,35,,147.01,process_deliverable_4,2024-07-24 07:05:27.800921,2024-08-15 18:21:35.687479
758,280,32,,147.01,process_deliverable_4,2024-07-24 07:05:27.800921,2024-08-15 18:21:35.687479
759,280,33,,147.01,process_deliverable_4,2024-07-24 07:05:27.800921,2024-08-15 18:21:35.687479
760,280,51,,147.01,process_deliverable_4,2024-07-24 07:05:27.800921,2024-08-15 18:21:35.687479
761,281,34,,98.46,process_deliverable_5,2024-07-26 23:01:50.824150,2024-08-21 03:29:00.857067
762,281,52,,98.46,process_deliverable_5,2024-07-26 23:01:50.824150,2024-08-21 03:29:00.857067
763,281,27,,98.46,process_deliverable_5,2024-07-26 23:01:50.824150,2024-08-21 03:29:00.857067
764,279,57,,148.53,process_deliverable_5,2024-07-23 04:00:01.576224,2024-08-22 18:34:10.050719
765,279,58,,148.53,process_deliverable_5,2024-07-23 04:00:01.576224,2024-08-22 18:34:10.050719
766,279,21,,148.53,process_deliverable_5,2024-07-23 04:00:01.576224,2024-08-22 18:34:10.050719
767,283,42,,35.76,process_deliverable_5,2024-08-13 11:08:20.492326,2024-09-01 23:30:28.525682
768,283,59,,35.76,process_deliverable_5,2024-08-13 11:08:20.492326,2024-09-01 23:30:28.525682
769,283,49,,35.76,process_deliverable_5,2024-08-13 11:08:20.492326,2024-09-01 23:30:28.525682
770,282,20,,159.36,process_deliverable_1,2024-08-07 03:47:36.615596,2024-09-05 09:57:47.677313
771,282,44,,159.36,process_deliverable_1,2024-08-07 03:47:36.615596,2024-09-05 09:57:47.677313
772,284,56,,80.84,process_deliverable_5,2024-08-15 18:21:35.687479,2024-09-18 14:30:39.603719
773,284,1,,80.84,process_deliverable_5,2024-08-15 18:21:35.687479,2024-09-18 14:30:39.603719
774,284,13,,80.84,process_deliverable_5,2024-08-15 18:21:35.687479,2024-09-18 14:30:39.603719
775,286,4,,70.66,process_deliverable_1,2024-09-07 01:10:09.901605,2024-09-22 09:05:02.304105
776,286,53,,70.66,process_deliverable_1,2024-09-07 01:10:09.901605,2024-09-22 09:05:02.304105
777,285,3,,47.45,process_deliverable_2,2024-09-05 09:57:47.677313,2024-09-28 20:52:32.099864
778,285,55,,47.45,process_deliverable_2,2024-09-05 09:57:47.677313,2024-09-28 20:52:32.099864
779,288,47,,59.3,process_deliverable_4,2024-09-28 20:52:32.099864,2024-10-12 09:28:33.561315
780,288,50,,59.3,process_deliverable_4,2024-09-28 20:52:32.099864,2024-10-12 09:28:33.561315
781,288,60,,59.3,process_deliverable_4,2024-09-28 20:52:32.099864,2024-10-12 09:28:33.561315
782,288,39,,59.3,process_deliverable_4,2024-09-28 20:52:32.099864,2024-10-12 09:28:33.561315
783,288,40,,59.3,process_deliverable_4,2024-09-28 20:52:32.099864,2024-10-12 09:28:33.561315
784,287,45,,21.07,process_deliverable_2,2024-09-22 09:05:02.304105,2024-10-18 20:05:28.593691
785,287,5,,21.07,process_deliverable_2,2024-09-22 09:05:02.304105,2024-10-18 20:05:28.593691
786,289,12,,68.33,process_deliverable_5,2024-10-12 09:28:33.561315,2024-11-07 23:02:48.850446
787,289,41,,68.33,process_deliverable_5,2024-10-12 09:28:33.561315,2024-11-07 23:02:48.850446
788,289,30,,68.33,process_deliverable_5,2024-10-12 09:28:33.561315,2024-11-07 23:02:48.850446
789,290,26,,147.86,process_deliverable_4,2024-10-18 20:05:28.593691,2024-11-15 21:14:42.514278
790,290,2,,147.86,process_deliverable_4,2024-10-18 20:05:28.593691,2024-11-15 21:14:42.514278
791,290,25,,147.86,process_deliverable_4,2024-10-18 20:05:28.593691,2024-11-15 21:14:42.514278
792,290,37,,147.86,process_deliverable_4,2024-10-18 20:05:28.593691,2024-11-15 21:14:42.514278
793,290,31,,147.86,process_deliverable_4,2024-10-18 20:05:28.593691,2024-11-15 21:14:42.514278
794,291,54,,36.88,process_deliverable_1,2024-10-30 10:49:09.149619,2024-11-21 05:56:03.085804
795,291,19,,36.88,process_deliverable_1,2024-10-30 10:49:09.149619,2024-11-21 05:56:03.085804
796,296,4,,131.77,process_deliverable_1,2024-11-26 14:00:32.304837,2024-12-10 20:49:53.096098
797,296,9,,131.77,process_deliverable_1,2024-11-26 14:00:32.304837,2024-12-10 20:49:53.096098
798,293,20,,101.51,process_deliverable_1,2024-11-13 10:32:26.367632,2024-12-11 13:42:26.619590
799,293,7,,101.51,process_deliverable_1,2024-11-13 10:32:26.367632,2024-12-11 13:42:26.619590
800,294,38,,104.15,process_deliverable_5,2024-11-15 21:14:42.514278,2024-12-16 13:20:37.036932
801,294,17,,104.15,process_deliverable_5,2024-11-15 21:14:42.514278,2024-12-16 13:20:37.036932
802,294,6,,104.15,process_deliverable_5,2024-11-15 21:14:42.514278,2024-12-16 13:20:37.036932
803,292,46,,50.5,process_deliverable_1,2024-11-11 20:44:54.497325,2024-12-20 12:20:36.308814
804,292,29,,50.5,process_deliverable_1,2024-11-11 20:44:54.497325,2024-12-20 12:20:36.308814
805,295,23,,39.68,process_deliverable_2,2024-11-21 05:56:03.085804,2024-12-23 16:52:56.543662
806,295,15,,39.68,process_deliverable_2,2024-11-21 05:56:03.085804,2024-12-23 16:52:56.543662
807,297,54,,23.86,process_deliverable_1,2024-12-01 04:23:34.443295,2024-12-24 11:43:43.340846
808,297,34,,23.86,process_deliverable_1,2024-12-01 04:23:34.443295,2024-12-24 11:43:43.340846
809,298,57,,25.46,process_deliverable_2,2024-12-10 20:49:53.096098,2024-12-26 03:11:15.660841
810,298,22,,25.46,process_deliverable_2,2024-12-10 20:49:53.096098,2024-12-26 03:11:15.660841
