id,DeliverableID,TitleID,PlannedHours,event_type,created_at
1,1,,46.51,,2020-01-15 01:52:22.889220
2,1,,57.38,,2020-01-15 01:52:22.889220
3,1,,77.23,,2020-01-15 01:52:22.889220
4,1,,68.88,,2020-01-15 01:52:22.889220
5,1,,56.21,,2020-01-15 01:52:22.889220
6,1,,85.07,,2020-01-15 01:52:22.889220
7,2,,100.67,,2020-02-09 01:57:40.629606
8,2,,47.97,,2020-02-09 01:57:40.629606
9,2,,76.28,,2020-02-09 01:57:40.629606
10,2,,83.32,,2020-02-09 01:57:40.629606
11,2,,34.18,,2020-02-09 01:57:40.629606
12,2,,84.68,,2020-02-09 01:57:40.629606
13,3,,111.84,,2020-02-11 11:11:29.988607
14,3,,53.29,,2020-02-11 11:11:29.988607
15,3,,89.63,,2020-02-11 11:11:29.988607
16,3,,58.05,,2020-02-11 11:11:29.988607
17,3,,76.81,,2020-02-11 11:11:29.988607
18,3,,79.2,,2020-02-11 11:11:29.988607
19,4,,47.64,,2020-03-02 21:14:12.974517
20,4,,34.07,,2020-03-02 21:14:12.974517
21,4,,59.28,,2020-03-02 21:14:12.974517
22,4,,64.98,,2020-03-02 21:14:12.974517
23,4,,54.42,,2020-03-02 21:14:12.974517
24,4,,104.59,,2020-03-02 21:14:12.974517
25,5,,78.84,,2020-03-11 23:55:22.442157
26,5,,42.68,,2020-03-11 23:55:22.442157
27,5,,102.2,,2020-03-11 23:55:22.442157
28,5,,36.71,,2020-03-11 23:55:22.442157
29,5,,118.82,,2020-03-11 23:55:22.442157
30,5,,99.5,,2020-03-11 23:55:22.442157
31,6,,36.66,,2020-04-06 01:22:22.050873
32,6,,62.26,,2020-04-06 01:22:22.050873
33,6,,40.43,,2020-04-06 01:22:22.050873
34,6,,107.68,,2020-04-06 01:22:22.050873
35,6,,86.1,,2020-04-06 01:22:22.050873
36,6,,59.78,,2020-04-06 01:22:22.050873
37,7,,59.27,,2020-04-13 01:43:10.308399
38,7,,95.66,,2020-04-13 01:43:10.308399
39,7,,87.38,,2020-04-13 01:43:10.308399
40,7,,109.85,,2020-04-13 01:43:10.308399
41,7,,72.5,,2020-04-13 01:43:10.308399
42,7,,40.76,,2020-04-13 01:43:10.308399
43,8,,107.47,,2020-05-10 16:14:48.749377
44,8,,30.63,,2020-05-10 16:14:48.749377
45,8,,75.97,,2020-05-10 16:14:48.749377
46,8,,67.57,,2020-05-10 16:14:48.749377
47,8,,49.99,,2020-05-10 16:14:48.749377
48,8,,40.79,,2020-05-10 16:14:48.749377
49,9,,55.08,,2020-05-16 20:55:25.024099
50,9,,111.74,,2020-05-16 20:55:25.024099
51,9,,51.56,,2020-05-16 20:55:25.024099
52,9,,43.04,,2020-05-16 20:55:25.024099
53,9,,74.05,,2020-05-16 20:55:25.024099
54,9,,118.71,,2020-05-16 20:55:25.024099
55,10,,98.55,,2020-05-17 21:10:38.653615
56,10,,51.39,,2020-05-17 21:10:38.653615
57,10,,95.54,,2020-05-17 21:10:38.653615
58,10,,63.1,,2020-05-17 21:10:38.653615
59,10,,86.91,,2020-05-17 21:10:38.653615
60,10,,87.02,,2020-05-17 21:10:38.653615
61,11,,40.21,,2020-06-10 20:20:24.639665
62,11,,113.22,,2020-06-10 20:20:24.639665
63,11,,108.96,,2020-06-10 20:20:24.639665
64,11,,53.21,,2020-06-10 20:20:24.639665
65,11,,89.4,,2020-06-10 20:20:24.639665
66,11,,103.55,,2020-06-10 20:20:24.639665
67,12,,100.19,,2020-06-22 07:03:58.468174
68,12,,87.78,,2020-06-22 07:03:58.468174
69,12,,37.57,,2020-06-22 07:03:58.468174
70,12,,44.55,,2020-06-22 07:03:58.468174
71,12,,110.87,,2020-06-22 07:03:58.468174
72,12,,84.58,,2020-06-22 07:03:58.468174
73,13,,81.15,,2020-06-30 14:25:03.769949
74,13,,38.43,,2020-06-30 14:25:03.769949
75,13,,63.09,,2020-06-30 14:25:03.769949
76,13,,53.87,,2020-06-30 14:25:03.769949
77,13,,51.96,,2020-06-30 14:25:03.769949
78,13,,117.57,,2020-06-30 14:25:03.769949
79,14,,86.8,,2020-07-01 02:44:53.853730
80,14,,101.53,,2020-07-01 02:44:53.853730
81,14,,75.24,,2020-07-01 02:44:53.853730
82,14,,81.92,,2020-07-01 02:44:53.853730
83,14,,74.33,,2020-07-01 02:44:53.853730
84,14,,47.57,,2020-07-01 02:44:53.853730
85,15,,45.94,,2020-07-02 10:40:19.564438
86,15,,114.64,,2020-07-02 10:40:19.564438
87,15,,115.85,,2020-07-02 10:40:19.564438
88,15,,112.34,,2020-07-02 10:40:19.564438
89,15,,63.31,,2020-07-02 10:40:19.564438
90,15,,31.39,,2020-07-02 10:40:19.564438
91,16,,92.64,,2020-07-08 05:15:41.826011
92,16,,81.31,,2020-07-08 05:15:41.826011
93,16,,38.75,,2020-07-08 05:15:41.826011
94,16,,85.35,,2020-07-08 05:15:41.826011
95,16,,119.1,,2020-07-08 05:15:41.826011
96,16,,42.61,,2020-07-08 05:15:41.826011
97,17,,93.22,,2020-07-21 12:26:17.473826
98,17,,62.35,,2020-07-21 12:26:17.473826
99,17,,56.42,,2020-07-21 12:26:17.473826
100,17,,102.84,,2020-07-21 12:26:17.473826
101,17,,102.91,,2020-07-21 12:26:17.473826
102,17,,108.04,,2020-07-21 12:26:17.473826
103,18,,75.14,,2020-07-22 08:57:42.003085
104,18,,101.85,,2020-07-22 08:57:42.003085
105,18,,88.5,,2020-07-22 08:57:42.003085
106,18,,93.18,,2020-07-22 08:57:42.003085
107,18,,101.62,,2020-07-22 08:57:42.003085
108,18,,110.1,,2020-07-22 08:57:42.003085
109,19,,33.23,,2020-07-31 11:45:53.674560
110,19,,71.9,,2020-07-31 11:45:53.674560
111,19,,78.84,,2020-07-31 11:45:53.674560
112,19,,55.79,,2020-07-31 11:45:53.674560
113,19,,83.17,,2020-07-31 11:45:53.674560
114,19,,32.75,,2020-07-31 11:45:53.674560
115,20,,62.42,,2020-08-06 06:50:18.028930
116,20,,41.44,,2020-08-06 06:50:18.028930
117,20,,77.0,,2020-08-06 06:50:18.028930
118,20,,99.3,,2020-08-06 06:50:18.028930
119,20,,49.42,,2020-08-06 06:50:18.028930
120,20,,86.06,,2020-08-06 06:50:18.028930
121,21,,117.83,,2020-08-11 07:19:50.466305
122,21,,76.47,,2020-08-11 07:19:50.466305
123,21,,59.07,,2020-08-11 07:19:50.466305
124,21,,101.57,,2020-08-11 07:19:50.466305
125,21,,54.37,,2020-08-11 07:19:50.466305
126,21,,69.51,,2020-08-11 07:19:50.466305
127,22,,116.64,,2020-08-12 14:54:31.564171
128,22,,105.24,,2020-08-12 14:54:31.564171
129,22,,92.64,,2020-08-12 14:54:31.564171
130,22,,66.81,,2020-08-12 14:54:31.564171
131,22,,45.6,,2020-08-12 14:54:31.564171
132,22,,44.08,,2020-08-12 14:54:31.564171
133,23,,55.19,,2020-08-17 23:38:08.950349
134,23,,115.94,,2020-08-17 23:38:08.950349
135,23,,96.41,,2020-08-17 23:38:08.950349
136,23,,79.89,,2020-08-17 23:38:08.950349
137,23,,85.05,,2020-08-17 23:38:08.950349
138,23,,67.76,,2020-08-17 23:38:08.950349
139,24,,98.21,,2020-08-18 21:04:00.521640
140,24,,31.3,,2020-08-18 21:04:00.521640
141,24,,40.45,,2020-08-18 21:04:00.521640
142,24,,34.14,,2020-08-18 21:04:00.521640
143,24,,33.67,,2020-08-18 21:04:00.521640
144,24,,106.99,,2020-08-18 21:04:00.521640
145,25,,72.61,,2020-09-03 16:46:53.874969
146,25,,45.59,,2020-09-03 16:46:53.874969
147,25,,69.05,,2020-09-03 16:46:53.874969
148,25,,65.87,,2020-09-03 16:46:53.874969
149,25,,85.43,,2020-09-03 16:46:53.874969
150,25,,87.16,,2020-09-03 16:46:53.874969
151,26,,86.33,,2020-09-11 20:17:37.065389
152,26,,75.28,,2020-09-11 20:17:37.065389
153,26,,107.08,,2020-09-11 20:17:37.065389
154,26,,89.28,,2020-09-11 20:17:37.065389
155,26,,44.66,,2020-09-11 20:17:37.065389
156,26,,36.35,,2020-09-11 20:17:37.065389
157,27,,81.79,,2020-09-14 05:11:05.863502
158,27,,64.94,,2020-09-14 05:11:05.863502
159,27,,87.9,,2020-09-14 05:11:05.863502
160,27,,71.24,,2020-09-14 05:11:05.863502
161,27,,79.11,,2020-09-14 05:11:05.863502
162,27,,114.73,,2020-09-14 05:11:05.863502
163,28,,79.46,,2020-10-08 10:16:50.753766
164,28,,69.74,,2020-10-08 10:16:50.753766
165,28,,109.89,,2020-10-08 10:16:50.753766
166,28,,61.58,,2020-10-08 10:16:50.753766
167,28,,40.54,,2020-10-08 10:16:50.753766
168,28,,42.87,,2020-10-08 10:16:50.753766
169,29,,92.62,,2020-10-18 05:52:04.331800
170,29,,70.91,,2020-10-18 05:52:04.331800
171,29,,86.48,,2020-10-18 05:52:04.331800
172,29,,82.59,,2020-10-18 05:52:04.331800
173,29,,111.1,,2020-10-18 05:52:04.331800
174,29,,34.09,,2020-10-18 05:52:04.331800
175,30,,104.03,,2020-11-14 11:13:52.697131
176,30,,115.48,,2020-11-14 11:13:52.697131
177,30,,95.31,,2020-11-14 11:13:52.697131
178,30,,85.21,,2020-11-14 11:13:52.697131
179,30,,67.64,,2020-11-14 11:13:52.697131
180,30,,113.95,,2020-11-14 11:13:52.697131
181,31,,32.37,,2020-12-15 00:07:38.459417
182,31,,63.88,,2020-12-15 00:07:38.459417
183,31,,102.95,,2020-12-15 00:07:38.459417
184,31,,118.85,,2020-12-15 00:07:38.459417
185,31,,43.54,,2020-12-15 00:07:38.459417
186,31,,83.47,,2020-12-15 00:07:38.459417
187,32,,72.18,,2021-01-14 09:24:08.205105
188,32,,67.33,,2021-01-14 09:24:08.205105
189,32,,54.61,,2021-01-14 09:24:08.205105
190,32,,35.07,,2021-01-14 09:24:08.205105
191,32,,107.83,,2021-01-14 09:24:08.205105
192,32,,103.16,,2021-01-14 09:24:08.205105
193,33,,90.45,,2021-01-25 07:56:03.647205
194,33,,85.63,,2021-01-25 07:56:03.647205
195,33,,62.23,,2021-01-25 07:56:03.647205
196,33,,40.22,,2021-01-25 07:56:03.647205
197,33,,90.44,,2021-01-25 07:56:03.647205
198,33,,76.83,,2021-01-25 07:56:03.647205
199,34,,118.2,,2021-02-18 15:36:12.575331
200,34,,74.34,,2021-02-18 15:36:12.575331
201,34,,59.59,,2021-02-18 15:36:12.575331
202,34,,87.01,,2021-02-18 15:36:12.575331
203,34,,51.61,,2021-02-18 15:36:12.575331
204,34,,36.83,,2021-02-18 15:36:12.575331
205,35,,72.66,,2021-02-23 03:13:51.863181
206,35,,90.08,,2021-02-23 03:13:51.863181
207,35,,45.51,,2021-02-23 03:13:51.863181
208,35,,47.31,,2021-02-23 03:13:51.863181
209,35,,33.68,,2021-02-23 03:13:51.863181
210,35,,45.2,,2021-02-23 03:13:51.863181
211,36,,101.95,,2021-03-03 11:50:14.551921
212,36,,86.51,,2021-03-03 11:50:14.551921
213,36,,37.36,,2021-03-03 11:50:14.551921
214,36,,108.62,,2021-03-03 11:50:14.551921
215,36,,112.88,,2021-03-03 11:50:14.551921
216,36,,35.5,,2021-03-03 11:50:14.551921
217,37,,52.72,,2021-03-06 06:42:54.825095
218,37,,94.2,,2021-03-06 06:42:54.825095
219,37,,110.57,,2021-03-06 06:42:54.825095
220,37,,76.05,,2021-03-06 06:42:54.825095
221,37,,77.89,,2021-03-06 06:42:54.825095
222,37,,39.65,,2021-03-06 06:42:54.825095
223,38,,51.82,,2021-03-10 22:35:35.423280
224,38,,54.23,,2021-03-10 22:35:35.423280
225,38,,63.96,,2021-03-10 22:35:35.423280
226,38,,31.81,,2021-03-10 22:35:35.423280
227,38,,58.99,,2021-03-10 22:35:35.423280
228,38,,49.03,,2021-03-10 22:35:35.423280
229,39,,41.48,,2021-03-13 07:50:33.113918
230,39,,55.54,,2021-03-13 07:50:33.113918
231,39,,62.68,,2021-03-13 07:50:33.113918
232,39,,88.13,,2021-03-13 07:50:33.113918
233,39,,81.37,,2021-03-13 07:50:33.113918
234,39,,62.05,,2021-03-13 07:50:33.113918
235,40,,51.35,,2021-03-26 13:09:36.659854
236,40,,39.16,,2021-03-26 13:09:36.659854
237,40,,43.76,,2021-03-26 13:09:36.659854
238,40,,52.14,,2021-03-26 13:09:36.659854
239,40,,44.46,,2021-03-26 13:09:36.659854
240,40,,46.79,,2021-03-26 13:09:36.659854
241,41,,77.21,,2021-04-01 12:52:37.828372
242,41,,66.94,,2021-04-01 12:52:37.828372
243,41,,118.41,,2021-04-01 12:52:37.828372
244,41,,40.08,,2021-04-01 12:52:37.828372
245,41,,65.81,,2021-04-01 12:52:37.828372
246,41,,117.25,,2021-04-01 12:52:37.828372
247,42,,53.21,,2021-04-02 12:41:28.961150
248,42,,45.38,,2021-04-02 12:41:28.961150
249,42,,90.18,,2021-04-02 12:41:28.961150
250,42,,113.64,,2021-04-02 12:41:28.961150
251,42,,80.11,,2021-04-02 12:41:28.961150
252,42,,81.45,,2021-04-02 12:41:28.961150
253,43,,68.29,,2021-04-06 10:51:53.611152
254,43,,75.68,,2021-04-06 10:51:53.611152
255,43,,51.82,,2021-04-06 10:51:53.611152
256,43,,40.34,,2021-04-06 10:51:53.611152
257,43,,84.96,,2021-04-06 10:51:53.611152
258,43,,55.98,,2021-04-06 10:51:53.611152
259,44,,73.3,,2021-04-14 02:22:45.908338
260,44,,77.93,,2021-04-14 02:22:45.908338
261,44,,34.66,,2021-04-14 02:22:45.908338
262,44,,60.29,,2021-04-14 02:22:45.908338
263,44,,42.1,,2021-04-14 02:22:45.908338
264,44,,35.7,,2021-04-14 02:22:45.908338
265,45,,46.31,,2021-04-16 10:13:05.740777
266,45,,35.98,,2021-04-16 10:13:05.740777
267,45,,96.7,,2021-04-16 10:13:05.740777
268,45,,81.7,,2021-04-16 10:13:05.740777
269,45,,105.76,,2021-04-16 10:13:05.740777
270,45,,42.58,,2021-04-16 10:13:05.740777
271,46,,44.73,,2021-04-17 17:57:29.195142
272,46,,44.78,,2021-04-17 17:57:29.195142
273,46,,103.31,,2021-04-17 17:57:29.195142
274,46,,89.87,,2021-04-17 17:57:29.195142
275,46,,77.08,,2021-04-17 17:57:29.195142
276,46,,62.29,,2021-04-17 17:57:29.195142
277,47,,63.92,,2021-04-25 17:17:19.496616
278,47,,71.64,,2021-04-25 17:17:19.496616
279,47,,57.12,,2021-04-25 17:17:19.496616
280,47,,97.28,,2021-04-25 17:17:19.496616
281,47,,75.24,,2021-04-25 17:17:19.496616
282,47,,50.9,,2021-04-25 17:17:19.496616
283,48,,78.92,,2021-04-29 02:53:36.334119
284,48,,111.58,,2021-04-29 02:53:36.334119
285,48,,86.18,,2021-04-29 02:53:36.334119
286,48,,40.52,,2021-04-29 02:53:36.334119
287,48,,114.58,,2021-04-29 02:53:36.334119
288,48,,86.49,,2021-04-29 02:53:36.334119
289,49,,78.01,,2021-05-07 01:26:14.703657
290,49,,110.45,,2021-05-07 01:26:14.703657
291,49,,100.97,,2021-05-07 01:26:14.703657
292,49,,43.65,,2021-05-07 01:26:14.703657
293,49,,58.05,,2021-05-07 01:26:14.703657
294,49,,52.36,,2021-05-07 01:26:14.703657
295,50,,81.29,,2021-05-07 21:14:55.251342
296,50,,98.62,,2021-05-07 21:14:55.251342
297,50,,108.91,,2021-05-07 21:14:55.251342
298,50,,60.79,,2021-05-07 21:14:55.251342
299,50,,103.91,,2021-05-07 21:14:55.251342
300,50,,39.96,,2021-05-07 21:14:55.251342
301,51,,95.0,,2021-05-10 04:44:55.499851
302,51,,94.8,,2021-05-10 04:44:55.499851
303,51,,87.7,,2021-05-10 04:44:55.499851
304,51,,92.46,,2021-05-10 04:44:55.499851
305,51,,78.85,,2021-05-10 04:44:55.499851
306,51,,52.66,,2021-05-10 04:44:55.499851
307,52,,85.03,,2021-05-13 14:08:23.312863
308,52,,31.63,,2021-05-13 14:08:23.312863
309,52,,108.49,,2021-05-13 14:08:23.312863
310,52,,113.89,,2021-05-13 14:08:23.312863
311,52,,80.86,,2021-05-13 14:08:23.312863
312,52,,92.7,,2021-05-13 14:08:23.312863
313,53,,65.84,,2021-05-20 23:55:33.233647
314,53,,78.37,,2021-05-20 23:55:33.233647
315,53,,112.79,,2021-05-20 23:55:33.233647
316,53,,61.17,,2021-05-20 23:55:33.233647
317,53,,61.23,,2021-05-20 23:55:33.233647
318,53,,96.38,,2021-05-20 23:55:33.233647
319,54,,45.87,,2021-05-30 08:29:18.220513
320,54,,74.85,,2021-05-30 08:29:18.220513
321,54,,67.7,,2021-05-30 08:29:18.220513
322,54,,112.34,,2021-05-30 08:29:18.220513
323,54,,62.62,,2021-05-30 08:29:18.220513
324,54,,82.25,,2021-05-30 08:29:18.220513
325,55,,83.58,,2021-06-04 02:02:58.704624
326,55,,36.04,,2021-06-04 02:02:58.704624
327,55,,97.5,,2021-06-04 02:02:58.704624
328,55,,48.89,,2021-06-04 02:02:58.704624
329,55,,110.82,,2021-06-04 02:02:58.704624
330,55,,48.46,,2021-06-04 02:02:58.704624
331,56,,39.37,,2021-06-12 02:34:20.868030
332,56,,101.99,,2021-06-12 02:34:20.868030
333,56,,46.07,,2021-06-12 02:34:20.868030
334,56,,88.75,,2021-06-12 02:34:20.868030
335,56,,51.44,,2021-06-12 02:34:20.868030
336,56,,38.95,,2021-06-12 02:34:20.868030
337,57,,65.75,,2021-06-13 21:27:37.709478
338,57,,90.13,,2021-06-13 21:27:37.709478
339,57,,48.45,,2021-06-13 21:27:37.709478
340,57,,56.38,,2021-06-13 21:27:37.709478
341,57,,110.67,,2021-06-13 21:27:37.709478
342,57,,31.17,,2021-06-13 21:27:37.709478
343,58,,54.51,,2021-07-15 19:18:05.759663
344,58,,31.66,,2021-07-15 19:18:05.759663
345,58,,112.29,,2021-07-15 19:18:05.759663
346,58,,40.6,,2021-07-15 19:18:05.759663
347,58,,81.89,,2021-07-15 19:18:05.759663
348,58,,54.66,,2021-07-15 19:18:05.759663
349,59,,30.99,,2021-07-20 01:47:50.457269
350,59,,42.32,,2021-07-20 01:47:50.457269
351,59,,111.0,,2021-07-20 01:47:50.457269
352,59,,108.65,,2021-07-20 01:47:50.457269
353,59,,83.77,,2021-07-20 01:47:50.457269
354,59,,84.05,,2021-07-20 01:47:50.457269
355,60,,84.28,,2021-07-24 07:34:14.265990
356,60,,52.08,,2021-07-24 07:34:14.265990
357,60,,65.04,,2021-07-24 07:34:14.265990
358,60,,55.98,,2021-07-24 07:34:14.265990
359,60,,62.01,,2021-07-24 07:34:14.265990
360,60,,94.71,,2021-07-24 07:34:14.265990
361,61,,83.12,,2021-08-25 07:59:49.482915
362,61,,62.49,,2021-08-25 07:59:49.482915
363,61,,38.24,,2021-08-25 07:59:49.482915
364,61,,112.56,,2021-08-25 07:59:49.482915
365,61,,42.31,,2021-08-25 07:59:49.482915
366,61,,115.52,,2021-08-25 07:59:49.482915
367,62,,78.77,,2021-08-26 20:14:16.942466
368,62,,108.57,,2021-08-26 20:14:16.942466
369,62,,95.9,,2021-08-26 20:14:16.942466
370,62,,102.59,,2021-08-26 20:14:16.942466
371,62,,89.29,,2021-08-26 20:14:16.942466
372,62,,92.3,,2021-08-26 20:14:16.942466
373,63,,118.89,,2021-09-19 12:43:58.836276
374,63,,114.97,,2021-09-19 12:43:58.836276
375,63,,33.55,,2021-09-19 12:43:58.836276
376,63,,93.5,,2021-09-19 12:43:58.836276
377,63,,113.27,,2021-09-19 12:43:58.836276
378,63,,46.25,,2021-09-19 12:43:58.836276
379,64,,118.57,,2021-10-06 01:28:53.447509
380,64,,99.14,,2021-10-06 01:28:53.447509
381,64,,67.6,,2021-10-06 01:28:53.447509
382,64,,67.92,,2021-10-06 01:28:53.447509
383,64,,96.38,,2021-10-06 01:28:53.447509
384,64,,51.49,,2021-10-06 01:28:53.447509
385,65,,115.5,,2021-10-06 19:16:04.695934
386,65,,100.77,,2021-10-06 19:16:04.695934
387,65,,38.05,,2021-10-06 19:16:04.695934
388,65,,67.58,,2021-10-06 19:16:04.695934
389,65,,109.12,,2021-10-06 19:16:04.695934
390,65,,115.03,,2021-10-06 19:16:04.695934
391,66,,46.78,,2021-10-16 23:03:59.499769
392,66,,100.16,,2021-10-16 23:03:59.499769
393,66,,61.51,,2021-10-16 23:03:59.499769
394,66,,35.21,,2021-10-16 23:03:59.499769
395,66,,117.22,,2021-10-16 23:03:59.499769
396,66,,109.54,,2021-10-16 23:03:59.499769
397,67,,45.65,,2021-10-21 23:04:01.936394
398,67,,65.66,,2021-10-21 23:04:01.936394
399,67,,98.24,,2021-10-21 23:04:01.936394
400,67,,92.64,,2021-10-21 23:04:01.936394
401,67,,43.85,,2021-10-21 23:04:01.936394
402,67,,103.42,,2021-10-21 23:04:01.936394
403,68,,66.76,,2021-10-24 20:48:50.423495
404,68,,63.54,,2021-10-24 20:48:50.423495
405,68,,53.38,,2021-10-24 20:48:50.423495
406,68,,95.11,,2021-10-24 20:48:50.423495
407,68,,74.63,,2021-10-24 20:48:50.423495
408,68,,37.29,,2021-10-24 20:48:50.423495
409,69,,36.85,,2021-10-31 12:31:28.686155
410,69,,106.61,,2021-10-31 12:31:28.686155
411,69,,74.56,,2021-10-31 12:31:28.686155
412,69,,73.25,,2021-10-31 12:31:28.686155
413,69,,83.32,,2021-10-31 12:31:28.686155
414,69,,104.22,,2021-10-31 12:31:28.686155
415,70,,109.08,,2021-11-10 05:51:32.541384
416,70,,101.77,,2021-11-10 05:51:32.541384
417,70,,89.26,,2021-11-10 05:51:32.541384
418,70,,106.55,,2021-11-10 05:51:32.541384
419,70,,108.06,,2021-11-10 05:51:32.541384
420,70,,93.75,,2021-11-10 05:51:32.541384
421,71,,113.88,,2021-11-19 21:33:43.975107
422,71,,39.23,,2021-11-19 21:33:43.975107
423,71,,114.35,,2021-11-19 21:33:43.975107
424,71,,91.91,,2021-11-19 21:33:43.975107
425,71,,36.11,,2021-11-19 21:33:43.975107
426,71,,57.09,,2021-11-19 21:33:43.975107
427,72,,85.88,,2021-11-19 23:18:05.018404
428,72,,34.12,,2021-11-19 23:18:05.018404
429,72,,108.44,,2021-11-19 23:18:05.018404
430,72,,117.61,,2021-11-19 23:18:05.018404
431,72,,117.2,,2021-11-19 23:18:05.018404
432,72,,97.47,,2021-11-19 23:18:05.018404
433,73,,32.21,,2021-11-30 07:42:50.138622
434,73,,31.99,,2021-11-30 07:42:50.138622
435,73,,59.12,,2021-11-30 07:42:50.138622
436,73,,73.98,,2021-11-30 07:42:50.138622
437,73,,99.34,,2021-11-30 07:42:50.138622
438,73,,91.5,,2021-11-30 07:42:50.138622
439,74,,70.62,,2021-12-05 22:31:42.128541
440,74,,44.73,,2021-12-05 22:31:42.128541
441,74,,101.53,,2021-12-05 22:31:42.128541
442,74,,92.43,,2021-12-05 22:31:42.128541
443,74,,49.87,,2021-12-05 22:31:42.128541
444,74,,37.41,,2021-12-05 22:31:42.128541
445,75,,54.59,,2021-12-07 18:56:08.167486
446,75,,115.58,,2021-12-07 18:56:08.167486
447,75,,43.6,,2021-12-07 18:56:08.167486
448,75,,68.91,,2021-12-07 18:56:08.167486
449,75,,114.93,,2021-12-07 18:56:08.167486
450,75,,67.78,,2021-12-07 18:56:08.167486
451,76,,46.7,,2021-12-13 04:38:24.216675
452,76,,108.18,,2021-12-13 04:38:24.216675
453,76,,99.89,,2021-12-13 04:38:24.216675
454,76,,99.38,,2021-12-13 04:38:24.216675
455,76,,106.03,,2021-12-13 04:38:24.216675
456,76,,98.49,,2021-12-13 04:38:24.216675
457,77,,32.93,,2021-12-15 08:35:07.412787
458,77,,112.88,,2021-12-15 08:35:07.412787
459,77,,85.5,,2021-12-15 08:35:07.412787
460,77,,101.69,,2021-12-15 08:35:07.412787
461,77,,73.34,,2021-12-15 08:35:07.412787
462,77,,40.56,,2021-12-15 08:35:07.412787
463,78,,74.24,,2021-12-16 09:56:49.238409
464,78,,35.78,,2021-12-16 09:56:49.238409
465,78,,82.38,,2021-12-16 09:56:49.238409
466,78,,54.21,,2021-12-16 09:56:49.238409
467,78,,101.78,,2021-12-16 09:56:49.238409
468,78,,57.93,,2021-12-16 09:56:49.238409
469,79,,36.52,,2021-12-19 04:38:26.848517
470,79,,65.32,,2021-12-19 04:38:26.848517
471,79,,73.19,,2021-12-19 04:38:26.848517
472,79,,84.0,,2021-12-19 04:38:26.848517
473,79,,56.25,,2021-12-19 04:38:26.848517
474,79,,92.55,,2021-12-19 04:38:26.848517
475,80,,39.44,,2021-12-27 04:45:21.451985
476,80,,51.78,,2021-12-27 04:45:21.451985
477,80,,118.8,,2021-12-27 04:45:21.451985
478,80,,42.82,,2021-12-27 04:45:21.451985
479,80,,74.9,,2021-12-27 04:45:21.451985
480,80,,85.63,,2021-12-27 04:45:21.451985
481,81,,92.05,,2021-12-28 23:43:24.077266
482,81,,102.05,,2021-12-28 23:43:24.077266
483,81,,48.01,,2021-12-28 23:43:24.077266
484,81,,45.07,,2021-12-28 23:43:24.077266
485,81,,39.41,,2021-12-28 23:43:24.077266
486,81,,87.28,,2021-12-28 23:43:24.077266
487,82,,95.84,,2021-12-29 06:47:34.654103
488,82,,37.35,,2021-12-29 06:47:34.654103
489,82,,35.43,,2021-12-29 06:47:34.654103
490,82,,52.24,,2021-12-29 06:47:34.654103
491,82,,44.36,,2021-12-29 06:47:34.654103
492,82,,108.46,,2021-12-29 06:47:34.654103
493,83,,60.32,,2021-12-31 02:14:15.236715
494,83,,46.39,,2021-12-31 02:14:15.236715
495,83,,101.07,,2021-12-31 02:14:15.236715
496,83,,89.28,,2021-12-31 02:14:15.236715
497,83,,74.84,,2021-12-31 02:14:15.236715
498,83,,79.98,,2021-12-31 02:14:15.236715
499,84,,86.84,,2022-01-14 23:34:54.069895
500,84,,95.98,,2022-01-14 23:34:54.069895
501,84,,41.84,,2022-01-14 23:34:54.069895
502,84,,94.42,,2022-01-14 23:34:54.069895
503,84,,111.81,,2022-01-14 23:34:54.069895
504,84,,46.17,,2022-01-14 23:34:54.069895
505,85,,46.29,,2022-01-18 00:20:44.735619
506,85,,106.89,,2022-01-18 00:20:44.735619
507,85,,74.31,,2022-01-18 00:20:44.735619
508,85,,52.25,,2022-01-18 00:20:44.735619
509,85,,108.37,,2022-01-18 00:20:44.735619
510,85,,70.08,,2022-01-18 00:20:44.735619
511,86,,65.2,,2022-01-18 19:09:31.913850
512,86,,117.25,,2022-01-18 19:09:31.913850
513,86,,53.23,,2022-01-18 19:09:31.913850
514,86,,89.11,,2022-01-18 19:09:31.913850
515,86,,59.27,,2022-01-18 19:09:31.913850
516,86,,99.61,,2022-01-18 19:09:31.913850
517,87,,70.84,,2022-01-21 11:00:33.861722
518,87,,51.24,,2022-01-21 11:00:33.861722
519,87,,36.61,,2022-01-21 11:00:33.861722
520,87,,45.28,,2022-01-21 11:00:33.861722
521,87,,76.78,,2022-01-21 11:00:33.861722
522,87,,60.33,,2022-01-21 11:00:33.861722
523,88,,93.61,,2022-01-21 13:27:27.767771
524,88,,45.03,,2022-01-21 13:27:27.767771
525,88,,45.09,,2022-01-21 13:27:27.767771
526,88,,33.3,,2022-01-21 13:27:27.767771
527,88,,96.28,,2022-01-21 13:27:27.767771
528,88,,89.74,,2022-01-21 13:27:27.767771
529,89,,90.02,,2022-01-30 08:57:43.623308
530,89,,42.57,,2022-01-30 08:57:43.623308
531,89,,32.7,,2022-01-30 08:57:43.623308
532,89,,57.71,,2022-01-30 08:57:43.623308
533,89,,93.42,,2022-01-30 08:57:43.623308
534,89,,48.17,,2022-01-30 08:57:43.623308
535,90,,38.45,,2022-02-07 16:08:09.656343
536,90,,90.53,,2022-02-07 16:08:09.656343
537,90,,69.94,,2022-02-07 16:08:09.656343
538,90,,108.13,,2022-02-07 16:08:09.656343
539,90,,45.94,,2022-02-07 16:08:09.656343
540,90,,92.34,,2022-02-07 16:08:09.656343
541,91,,81.35,,2022-02-07 23:21:23.726728
542,91,,32.73,,2022-02-07 23:21:23.726728
543,91,,113.79,,2022-02-07 23:21:23.726728
544,91,,92.06,,2022-02-07 23:21:23.726728
545,91,,90.89,,2022-02-07 23:21:23.726728
546,91,,49.41,,2022-02-07 23:21:23.726728
547,92,,96.46,,2022-02-15 19:50:10.995874
548,92,,109.07,,2022-02-15 19:50:10.995874
549,92,,66.37,,2022-02-15 19:50:10.995874
550,92,,59.43,,2022-02-15 19:50:10.995874
551,92,,90.08,,2022-02-15 19:50:10.995874
552,92,,102.71,,2022-02-15 19:50:10.995874
553,93,,40.82,,2022-02-16 15:27:19.194050
554,93,,79.0,,2022-02-16 15:27:19.194050
555,93,,30.52,,2022-02-16 15:27:19.194050
556,93,,59.21,,2022-02-16 15:27:19.194050
557,93,,62.98,,2022-02-16 15:27:19.194050
558,93,,65.66,,2022-02-16 15:27:19.194050
559,94,,94.63,,2022-03-02 12:59:16.725881
560,94,,116.0,,2022-03-02 12:59:16.725881
561,94,,31.64,,2022-03-02 12:59:16.725881
562,94,,47.62,,2022-03-02 12:59:16.725881
563,94,,30.68,,2022-03-02 12:59:16.725881
564,94,,88.27,,2022-03-02 12:59:16.725881
565,95,,114.1,,2022-03-07 10:56:48.814349
566,95,,61.65,,2022-03-07 10:56:48.814349
567,95,,39.13,,2022-03-07 10:56:48.814349
568,95,,73.73,,2022-03-07 10:56:48.814349
569,95,,53.11,,2022-03-07 10:56:48.814349
570,95,,55.64,,2022-03-07 10:56:48.814349
571,96,,91.3,,2022-03-19 10:14:57.139575
572,96,,46.33,,2022-03-19 10:14:57.139575
573,96,,77.26,,2022-03-19 10:14:57.139575
574,96,,93.81,,2022-03-19 10:14:57.139575
575,96,,39.62,,2022-03-19 10:14:57.139575
576,96,,81.06,,2022-03-19 10:14:57.139575
577,97,,86.98,,2022-03-20 21:02:33.798259
578,97,,115.63,,2022-03-20 21:02:33.798259
579,97,,84.15,,2022-03-20 21:02:33.798259
580,97,,103.73,,2022-03-20 21:02:33.798259
581,97,,109.58,,2022-03-20 21:02:33.798259
582,97,,50.53,,2022-03-20 21:02:33.798259
583,98,,66.99,,2022-03-21 02:12:07.258653
584,98,,105.59,,2022-03-21 02:12:07.258653
585,98,,111.0,,2022-03-21 02:12:07.258653
586,98,,61.81,,2022-03-21 02:12:07.258653
587,98,,51.32,,2022-03-21 02:12:07.258653
588,98,,100.25,,2022-03-21 02:12:07.258653
589,99,,78.6,,2022-04-07 04:49:01.537912
590,99,,109.21,,2022-04-07 04:49:01.537912
591,99,,88.58,,2022-04-07 04:49:01.537912
592,99,,77.97,,2022-04-07 04:49:01.537912
593,99,,59.19,,2022-04-07 04:49:01.537912
594,99,,59.97,,2022-04-07 04:49:01.537912
595,100,,70.53,,2022-04-11 16:02:18.041629
596,100,,98.05,,2022-04-11 16:02:18.041629
597,100,,61.28,,2022-04-11 16:02:18.041629
598,100,,89.84,,2022-04-11 16:02:18.041629
599,100,,101.59,,2022-04-11 16:02:18.041629
600,100,,113.45,,2022-04-11 16:02:18.041629
601,101,,104.35,,2022-04-13 12:41:51.619938
602,101,,100.38,,2022-04-13 12:41:51.619938
603,101,,93.79,,2022-04-13 12:41:51.619938
604,101,,33.25,,2022-04-13 12:41:51.619938
605,101,,57.28,,2022-04-13 12:41:51.619938
606,101,,53.68,,2022-04-13 12:41:51.619938
607,102,,57.5,,2022-04-17 08:25:06.606172
608,102,,65.73,,2022-04-17 08:25:06.606172
609,102,,70.25,,2022-04-17 08:25:06.606172
610,102,,84.05,,2022-04-17 08:25:06.606172
611,102,,76.41,,2022-04-17 08:25:06.606172
612,102,,112.75,,2022-04-17 08:25:06.606172
613,103,,57.42,,2022-04-18 11:45:38.595014
614,103,,37.28,,2022-04-18 11:45:38.595014
615,103,,66.27,,2022-04-18 11:45:38.595014
616,103,,45.62,,2022-04-18 11:45:38.595014
617,103,,92.55,,2022-04-18 11:45:38.595014
618,103,,61.15,,2022-04-18 11:45:38.595014
619,104,,36.14,,2022-04-26 05:00:53.551986
620,104,,32.32,,2022-04-26 05:00:53.551986
621,104,,42.16,,2022-04-26 05:00:53.551986
622,104,,116.68,,2022-04-26 05:00:53.551986
623,104,,79.46,,2022-04-26 05:00:53.551986
624,104,,116.92,,2022-04-26 05:00:53.551986
625,105,,39.51,,2022-04-29 18:32:03.513901
626,105,,87.67,,2022-04-29 18:32:03.513901
627,105,,49.44,,2022-04-29 18:32:03.513901
628,105,,85.76,,2022-04-29 18:32:03.513901
629,105,,88.52,,2022-04-29 18:32:03.513901
630,105,,43.68,,2022-04-29 18:32:03.513901
631,106,,71.38,,2022-05-06 14:22:38.414024
632,106,,35.23,,2022-05-06 14:22:38.414024
633,106,,119.54,,2022-05-06 14:22:38.414024
634,106,,35.2,,2022-05-06 14:22:38.414024
635,106,,92.55,,2022-05-06 14:22:38.414024
636,106,,118.53,,2022-05-06 14:22:38.414024
637,107,,47.52,,2022-05-11 14:12:36.644733
638,107,,63.1,,2022-05-11 14:12:36.644733
639,107,,67.27,,2022-05-11 14:12:36.644733
640,107,,104.48,,2022-05-11 14:12:36.644733
641,107,,96.03,,2022-05-11 14:12:36.644733
642,107,,99.24,,2022-05-11 14:12:36.644733
643,108,,73.32,,2022-05-13 16:17:11.529862
644,108,,31.73,,2022-05-13 16:17:11.529862
645,108,,53.38,,2022-05-13 16:17:11.529862
646,108,,98.43,,2022-05-13 16:17:11.529862
647,108,,42.34,,2022-05-13 16:17:11.529862
648,108,,78.18,,2022-05-13 16:17:11.529862
649,109,,105.99,,2022-05-16 20:15:02.656285
650,109,,38.83,,2022-05-16 20:15:02.656285
651,109,,73.94,,2022-05-16 20:15:02.656285
652,109,,43.5,,2022-05-16 20:15:02.656285
653,109,,59.22,,2022-05-16 20:15:02.656285
654,109,,96.36,,2022-05-16 20:15:02.656285
655,110,,65.5,,2022-05-23 05:55:02.459484
656,110,,71.35,,2022-05-23 05:55:02.459484
657,110,,100.65,,2022-05-23 05:55:02.459484
658,110,,110.29,,2022-05-23 05:55:02.459484
659,110,,115.98,,2022-05-23 05:55:02.459484
660,110,,100.82,,2022-05-23 05:55:02.459484
661,111,,105.68,,2022-05-30 15:41:03.482236
662,111,,33.46,,2022-05-30 15:41:03.482236
663,111,,111.16,,2022-05-30 15:41:03.482236
664,111,,71.53,,2022-05-30 15:41:03.482236
665,111,,87.35,,2022-05-30 15:41:03.482236
666,111,,89.34,,2022-05-30 15:41:03.482236
667,112,,38.86,,2022-06-13 15:03:10.750805
668,112,,89.43,,2022-06-13 15:03:10.750805
669,112,,98.79,,2022-06-13 15:03:10.750805
670,112,,53.85,,2022-06-13 15:03:10.750805
671,112,,31.89,,2022-06-13 15:03:10.750805
672,112,,37.4,,2022-06-13 15:03:10.750805
673,113,,84.17,,2022-06-14 16:33:34.568760
674,113,,82.42,,2022-06-14 16:33:34.568760
675,113,,97.33,,2022-06-14 16:33:34.568760
676,113,,103.06,,2022-06-14 16:33:34.568760
677,113,,89.08,,2022-06-14 16:33:34.568760
678,113,,41.53,,2022-06-14 16:33:34.568760
679,114,,88.12,,2022-06-18 13:44:05.519596
680,114,,55.73,,2022-06-18 13:44:05.519596
681,114,,103.44,,2022-06-18 13:44:05.519596
682,114,,107.52,,2022-06-18 13:44:05.519596
683,114,,106.19,,2022-06-18 13:44:05.519596
684,114,,112.7,,2022-06-18 13:44:05.519596
685,115,,95.56,,2022-06-19 19:23:10.115570
686,115,,99.88,,2022-06-19 19:23:10.115570
687,115,,89.05,,2022-06-19 19:23:10.115570
688,115,,45.97,,2022-06-19 19:23:10.115570
689,115,,79.05,,2022-06-19 19:23:10.115570
690,115,,118.62,,2022-06-19 19:23:10.115570
691,116,,44.83,,2022-06-24 14:42:31.559942
692,116,,41.86,,2022-06-24 14:42:31.559942
693,116,,95.34,,2022-06-24 14:42:31.559942
694,116,,103.6,,2022-06-24 14:42:31.559942
695,116,,49.22,,2022-06-24 14:42:31.559942
696,116,,75.53,,2022-06-24 14:42:31.559942
697,117,,71.54,,2022-06-26 04:54:00.956958
698,117,,30.84,,2022-06-26 04:54:00.956958
699,117,,52.2,,2022-06-26 04:54:00.956958
700,117,,95.38,,2022-06-26 04:54:00.956958
701,117,,119.26,,2022-06-26 04:54:00.956958
702,117,,38.93,,2022-06-26 04:54:00.956958
703,118,,48.36,,2022-06-28 05:49:41.499189
704,118,,79.96,,2022-06-28 05:49:41.499189
705,118,,95.98,,2022-06-28 05:49:41.499189
706,118,,85.44,,2022-06-28 05:49:41.499189
707,118,,46.92,,2022-06-28 05:49:41.499189
708,118,,61.98,,2022-06-28 05:49:41.499189
709,119,,73.29,,2022-07-15 21:03:03.640559
710,119,,87.81,,2022-07-15 21:03:03.640559
711,119,,35.84,,2022-07-15 21:03:03.640559
712,119,,82.2,,2022-07-15 21:03:03.640559
713,119,,80.53,,2022-07-15 21:03:03.640559
714,119,,80.46,,2022-07-15 21:03:03.640559
715,120,,76.55,,2022-07-17 12:06:25.969935
716,120,,69.62,,2022-07-17 12:06:25.969935
717,120,,43.27,,2022-07-17 12:06:25.969935
718,120,,59.54,,2022-07-17 12:06:25.969935
719,120,,69.06,,2022-07-17 12:06:25.969935
720,120,,37.97,,2022-07-17 12:06:25.969935
721,121,,96.21,,2022-07-19 04:26:12.278224
722,121,,119.85,,2022-07-19 04:26:12.278224
723,121,,113.98,,2022-07-19 04:26:12.278224
724,121,,87.83,,2022-07-19 04:26:12.278224
725,121,,67.91,,2022-07-19 04:26:12.278224
726,121,,87.26,,2022-07-19 04:26:12.278224
727,122,,64.54,,2022-07-22 10:26:43.442588
728,122,,81.47,,2022-07-22 10:26:43.442588
729,122,,82.9,,2022-07-22 10:26:43.442588
730,122,,46.6,,2022-07-22 10:26:43.442588
731,122,,62.6,,2022-07-22 10:26:43.442588
732,122,,60.11,,2022-07-22 10:26:43.442588
733,123,,98.35,,2022-07-28 21:59:41.038206
734,123,,70.48,,2022-07-28 21:59:41.038206
735,123,,99.9,,2022-07-28 21:59:41.038206
736,123,,35.88,,2022-07-28 21:59:41.038206
737,123,,73.88,,2022-07-28 21:59:41.038206
738,123,,33.03,,2022-07-28 21:59:41.038206
739,124,,42.53,,2022-08-13 17:42:06.827661
740,124,,77.92,,2022-08-13 17:42:06.827661
741,124,,67.0,,2022-08-13 17:42:06.827661
742,124,,61.26,,2022-08-13 17:42:06.827661
743,124,,110.99,,2022-08-13 17:42:06.827661
744,124,,31.96,,2022-08-13 17:42:06.827661
745,125,,34.7,,2022-08-19 16:03:43.746563
746,125,,67.69,,2022-08-19 16:03:43.746563
747,125,,53.41,,2022-08-19 16:03:43.746563
748,125,,95.77,,2022-08-19 16:03:43.746563
749,125,,118.32,,2022-08-19 16:03:43.746563
750,125,,53.09,,2022-08-19 16:03:43.746563
751,126,,80.88,,2022-08-21 04:35:54.560079
752,126,,71.75,,2022-08-21 04:35:54.560079
753,126,,117.48,,2022-08-21 04:35:54.560079
754,126,,84.77,,2022-08-21 04:35:54.560079
755,126,,61.46,,2022-08-21 04:35:54.560079
756,126,,40.27,,2022-08-21 04:35:54.560079
757,127,,80.51,,2022-08-21 06:24:17.208474
758,127,,77.11,,2022-08-21 06:24:17.208474
759,127,,40.33,,2022-08-21 06:24:17.208474
760,127,,107.41,,2022-08-21 06:24:17.208474
761,127,,95.05,,2022-08-21 06:24:17.208474
762,127,,36.09,,2022-08-21 06:24:17.208474
763,128,,108.35,,2022-09-07 19:14:54.347334
764,128,,51.49,,2022-09-07 19:14:54.347334
765,128,,70.61,,2022-09-07 19:14:54.347334
766,128,,118.65,,2022-09-07 19:14:54.347334
767,128,,99.48,,2022-09-07 19:14:54.347334
768,128,,32.45,,2022-09-07 19:14:54.347334
769,129,,111.83,,2022-09-12 11:12:39.225758
770,129,,78.48,,2022-09-12 11:12:39.225758
771,129,,74.8,,2022-09-12 11:12:39.225758
772,129,,39.49,,2022-09-12 11:12:39.225758
773,129,,89.11,,2022-09-12 11:12:39.225758
774,129,,103.99,,2022-09-12 11:12:39.225758
775,130,,77.1,,2022-09-14 11:22:35.407932
776,130,,55.84,,2022-09-14 11:22:35.407932
777,130,,101.36,,2022-09-14 11:22:35.407932
778,130,,81.98,,2022-09-14 11:22:35.407932
779,130,,87.11,,2022-09-14 11:22:35.407932
780,130,,101.81,,2022-09-14 11:22:35.407932
781,131,,77.97,,2022-09-15 04:54:11.855788
782,131,,44.22,,2022-09-15 04:54:11.855788
783,131,,92.63,,2022-09-15 04:54:11.855788
784,131,,101.39,,2022-09-15 04:54:11.855788
785,131,,58.51,,2022-09-15 04:54:11.855788
786,131,,107.15,,2022-09-15 04:54:11.855788
787,132,,67.6,,2022-09-16 18:42:12.438554
788,132,,118.57,,2022-09-16 18:42:12.438554
789,132,,90.11,,2022-09-16 18:42:12.438554
790,132,,87.12,,2022-09-16 18:42:12.438554
791,132,,44.94,,2022-09-16 18:42:12.438554
792,132,,109.37,,2022-09-16 18:42:12.438554
793,133,,31.13,,2022-09-17 06:44:01.570390
794,133,,80.38,,2022-09-17 06:44:01.570390
795,133,,77.47,,2022-09-17 06:44:01.570390
796,133,,94.74,,2022-09-17 06:44:01.570390
797,133,,110.12,,2022-09-17 06:44:01.570390
798,133,,37.15,,2022-09-17 06:44:01.570390
799,134,,104.54,,2022-09-23 13:10:59.530441
800,134,,60.17,,2022-09-23 13:10:59.530441
801,134,,45.64,,2022-09-23 13:10:59.530441
802,134,,94.08,,2022-09-23 13:10:59.530441
803,134,,104.34,,2022-09-23 13:10:59.530441
804,134,,39.06,,2022-09-23 13:10:59.530441
805,135,,61.31,,2022-10-04 00:51:10.949248
806,135,,70.53,,2022-10-04 00:51:10.949248
807,135,,97.39,,2022-10-04 00:51:10.949248
808,135,,88.6,,2022-10-04 00:51:10.949248
809,135,,85.88,,2022-10-04 00:51:10.949248
810,135,,61.71,,2022-10-04 00:51:10.949248
811,136,,116.65,,2022-10-11 08:17:29.128155
812,136,,95.4,,2022-10-11 08:17:29.128155
813,136,,57.43,,2022-10-11 08:17:29.128155
814,136,,104.65,,2022-10-11 08:17:29.128155
815,136,,55.34,,2022-10-11 08:17:29.128155
816,136,,108.55,,2022-10-11 08:17:29.128155
817,137,,34.33,,2022-10-16 21:31:38.652945
818,137,,111.26,,2022-10-16 21:31:38.652945
819,137,,106.7,,2022-10-16 21:31:38.652945
820,137,,90.1,,2022-10-16 21:31:38.652945
821,137,,83.39,,2022-10-16 21:31:38.652945
822,137,,110.31,,2022-10-16 21:31:38.652945
823,138,,51.56,,2022-10-17 07:04:08.792647
824,138,,101.51,,2022-10-17 07:04:08.792647
825,138,,33.12,,2022-10-17 07:04:08.792647
826,138,,82.45,,2022-10-17 07:04:08.792647
827,138,,119.59,,2022-10-17 07:04:08.792647
828,138,,107.01,,2022-10-17 07:04:08.792647
829,139,,76.11,,2022-10-24 15:57:23.430469
830,139,,39.38,,2022-10-24 15:57:23.430469
831,139,,64.61,,2022-10-24 15:57:23.430469
832,139,,73.89,,2022-10-24 15:57:23.430469
833,139,,88.7,,2022-10-24 15:57:23.430469
834,139,,115.55,,2022-10-24 15:57:23.430469
835,140,,54.91,,2022-10-25 04:55:05.968975
836,140,,117.44,,2022-10-25 04:55:05.968975
837,140,,59.82,,2022-10-25 04:55:05.968975
838,140,,73.38,,2022-10-25 04:55:05.968975
839,140,,47.65,,2022-10-25 04:55:05.968975
840,140,,84.97,,2022-10-25 04:55:05.968975
841,141,,30.69,,2022-10-31 07:32:42.517043
842,141,,49.72,,2022-10-31 07:32:42.517043
843,141,,33.3,,2022-10-31 07:32:42.517043
844,141,,39.72,,2022-10-31 07:32:42.517043
845,141,,60.5,,2022-10-31 07:32:42.517043
846,141,,102.23,,2022-10-31 07:32:42.517043
847,142,,56.41,,2022-11-06 10:08:11.445974
848,142,,113.86,,2022-11-06 10:08:11.445974
849,142,,65.73,,2022-11-06 10:08:11.445974
850,142,,37.84,,2022-11-06 10:08:11.445974
851,142,,85.54,,2022-11-06 10:08:11.445974
852,142,,40.25,,2022-11-06 10:08:11.445974
853,143,,93.2,,2022-11-09 03:47:33.826101
854,143,,119.35,,2022-11-09 03:47:33.826101
855,143,,41.83,,2022-11-09 03:47:33.826101
856,143,,54.73,,2022-11-09 03:47:33.826101
857,143,,65.51,,2022-11-09 03:47:33.826101
858,143,,67.96,,2022-11-09 03:47:33.826101
859,144,,30.91,,2022-11-13 20:57:48.112981
860,144,,87.25,,2022-11-13 20:57:48.112981
861,144,,112.2,,2022-11-13 20:57:48.112981
862,144,,85.13,,2022-11-13 20:57:48.112981
863,144,,108.63,,2022-11-13 20:57:48.112981
864,144,,95.16,,2022-11-13 20:57:48.112981
865,145,,33.94,,2022-11-15 09:03:51.972089
866,145,,41.07,,2022-11-15 09:03:51.972089
867,145,,80.28,,2022-11-15 09:03:51.972089
868,145,,60.89,,2022-11-15 09:03:51.972089
869,145,,95.63,,2022-11-15 09:03:51.972089
870,145,,88.71,,2022-11-15 09:03:51.972089
871,146,,54.78,,2022-11-15 22:40:13.598531
872,146,,57.57,,2022-11-15 22:40:13.598531
873,146,,101.01,,2022-11-15 22:40:13.598531
874,146,,70.18,,2022-11-15 22:40:13.598531
875,146,,101.85,,2022-11-15 22:40:13.598531
876,146,,104.02,,2022-11-15 22:40:13.598531
877,147,,45.02,,2022-11-17 10:34:02.759449
878,147,,68.75,,2022-11-17 10:34:02.759449
879,147,,42.83,,2022-11-17 10:34:02.759449
880,147,,110.11,,2022-11-17 10:34:02.759449
881,147,,61.13,,2022-11-17 10:34:02.759449
882,147,,43.9,,2022-11-17 10:34:02.759449
883,148,,36.45,,2022-11-22 00:32:23.641290
884,148,,66.87,,2022-11-22 00:32:23.641290
885,148,,58.01,,2022-11-22 00:32:23.641290
886,148,,90.94,,2022-11-22 00:32:23.641290
887,148,,84.52,,2022-11-22 00:32:23.641290
888,148,,62.81,,2022-11-22 00:32:23.641290
889,149,,70.86,,2022-11-23 15:05:03.231208
890,149,,91.94,,2022-11-23 15:05:03.231208
891,149,,42.65,,2022-11-23 15:05:03.231208
892,149,,73.7,,2022-11-23 15:05:03.231208
893,149,,32.48,,2022-11-23 15:05:03.231208
894,149,,75.49,,2022-11-23 15:05:03.231208
895,150,,104.4,,2022-12-04 08:32:19.032303
896,150,,118.56,,2022-12-04 08:32:19.032303
897,150,,55.96,,2022-12-04 08:32:19.032303
898,150,,116.5,,2022-12-04 08:32:19.032303
899,150,,65.05,,2022-12-04 08:32:19.032303
900,150,,64.7,,2022-12-04 08:32:19.032303
901,151,,43.87,,2022-12-05 03:31:54.941023
902,151,,79.83,,2022-12-05 03:31:54.941023
903,151,,78.75,,2022-12-05 03:31:54.941023
904,151,,98.57,,2022-12-05 03:31:54.941023
905,151,,105.03,,2022-12-05 03:31:54.941023
906,151,,69.64,,2022-12-05 03:31:54.941023
907,152,,60.82,,2022-12-10 16:41:15.293081
908,152,,54.32,,2022-12-10 16:41:15.293081
909,152,,116.98,,2022-12-10 16:41:15.293081
910,152,,80.19,,2022-12-10 16:41:15.293081
911,152,,61.25,,2022-12-10 16:41:15.293081
912,152,,82.24,,2022-12-10 16:41:15.293081
913,153,,86.36,,2022-12-15 18:53:47.848638
914,153,,74.0,,2022-12-15 18:53:47.848638
915,153,,66.16,,2022-12-15 18:53:47.848638
916,153,,119.45,,2022-12-15 18:53:47.848638
917,153,,109.23,,2022-12-15 18:53:47.848638
918,153,,86.11,,2022-12-15 18:53:47.848638
919,154,,33.55,,2022-12-16 16:11:19.771131
920,154,,72.8,,2022-12-16 16:11:19.771131
921,154,,78.87,,2022-12-16 16:11:19.771131
922,154,,50.5,,2022-12-16 16:11:19.771131
923,154,,116.76,,2022-12-16 16:11:19.771131
924,154,,111.85,,2022-12-16 16:11:19.771131
925,155,,116.04,,2022-12-19 02:03:34.564240
926,155,,48.04,,2022-12-19 02:03:34.564240
927,155,,39.83,,2022-12-19 02:03:34.564240
928,155,,106.86,,2022-12-19 02:03:34.564240
929,155,,69.52,,2022-12-19 02:03:34.564240
930,155,,106.23,,2022-12-19 02:03:34.564240
931,156,,109.51,,2022-12-19 20:43:53.394481
932,156,,70.35,,2022-12-19 20:43:53.394481
933,156,,75.94,,2022-12-19 20:43:53.394481
934,156,,86.39,,2022-12-19 20:43:53.394481
935,156,,113.37,,2022-12-19 20:43:53.394481
936,156,,31.72,,2022-12-19 20:43:53.394481
937,157,,85.22,,2022-12-25 16:52:49.407449
938,157,,37.97,,2022-12-25 16:52:49.407449
939,157,,73.89,,2022-12-25 16:52:49.407449
940,157,,36.99,,2022-12-25 16:52:49.407449
941,157,,66.68,,2022-12-25 16:52:49.407449
942,157,,66.64,,2022-12-25 16:52:49.407449
943,158,,39.99,,2022-12-30 00:27:25.004899
944,158,,102.74,,2022-12-30 00:27:25.004899
945,158,,115.29,,2022-12-30 00:27:25.004899
946,158,,36.51,,2022-12-30 00:27:25.004899
947,158,,115.96,,2022-12-30 00:27:25.004899
948,158,,77.03,,2022-12-30 00:27:25.004899
949,159,,102.36,,2023-01-08 10:09:29.584340
950,159,,79.73,,2023-01-08 10:09:29.584340
951,159,,76.82,,2023-01-08 10:09:29.584340
952,159,,42.86,,2023-01-08 10:09:29.584340
953,159,,99.78,,2023-01-08 10:09:29.584340
954,159,,54.43,,2023-01-08 10:09:29.584340
955,160,,116.77,,2023-01-20 14:27:20.950623
956,160,,38.04,,2023-01-20 14:27:20.950623
957,160,,91.83,,2023-01-20 14:27:20.950623
958,160,,74.44,,2023-01-20 14:27:20.950623
959,160,,64.89,,2023-01-20 14:27:20.950623
960,160,,86.94,,2023-01-20 14:27:20.950623
961,161,,45.03,,2023-01-21 13:35:06.036603
962,161,,94.17,,2023-01-21 13:35:06.036603
963,161,,89.97,,2023-01-21 13:35:06.036603
964,161,,116.94,,2023-01-21 13:35:06.036603
965,161,,98.49,,2023-01-21 13:35:06.036603
966,161,,115.57,,2023-01-21 13:35:06.036603
967,162,,87.97,,2023-01-23 14:09:24.848047
968,162,,34.34,,2023-01-23 14:09:24.848047
969,162,,62.4,,2023-01-23 14:09:24.848047
970,162,,116.11,,2023-01-23 14:09:24.848047
971,162,,75.04,,2023-01-23 14:09:24.848047
972,162,,68.95,,2023-01-23 14:09:24.848047
973,163,,63.18,,2023-01-23 18:37:39.940515
974,163,,63.28,,2023-01-23 18:37:39.940515
975,163,,34.71,,2023-01-23 18:37:39.940515
976,163,,99.08,,2023-01-23 18:37:39.940515
977,163,,67.49,,2023-01-23 18:37:39.940515
978,163,,104.0,,2023-01-23 18:37:39.940515
979,164,,58.41,,2023-01-26 07:45:00.412001
980,164,,88.03,,2023-01-26 07:45:00.412001
981,164,,65.56,,2023-01-26 07:45:00.412001
982,164,,94.19,,2023-01-26 07:45:00.412001
983,164,,47.93,,2023-01-26 07:45:00.412001
984,164,,110.12,,2023-01-26 07:45:00.412001
985,165,,35.23,,2023-01-26 12:17:33.930041
986,165,,40.04,,2023-01-26 12:17:33.930041
987,165,,76.43,,2023-01-26 12:17:33.930041
988,165,,54.08,,2023-01-26 12:17:33.930041
989,165,,105.19,,2023-01-26 12:17:33.930041
990,165,,31.32,,2023-01-26 12:17:33.930041
991,166,,67.23,,2023-01-30 13:31:05.484280
992,166,,74.36,,2023-01-30 13:31:05.484280
993,166,,66.39,,2023-01-30 13:31:05.484280
994,166,,77.78,,2023-01-30 13:31:05.484280
995,166,,83.56,,2023-01-30 13:31:05.484280
996,166,,30.89,,2023-01-30 13:31:05.484280
997,167,,76.71,,2023-02-11 04:16:47.968665
998,167,,90.98,,2023-02-11 04:16:47.968665
999,167,,58.07,,2023-02-11 04:16:47.968665
1000,167,,99.66,,2023-02-11 04:16:47.968665
1001,167,,99.56,,2023-02-11 04:16:47.968665
1002,167,,76.92,,2023-02-11 04:16:47.968665
1003,168,,56.4,,2023-02-12 20:02:20.944268
1004,168,,99.58,,2023-02-12 20:02:20.944268
1005,168,,76.62,,2023-02-12 20:02:20.944268
1006,168,,61.33,,2023-02-12 20:02:20.944268
1007,168,,63.46,,2023-02-12 20:02:20.944268
1008,168,,30.12,,2023-02-12 20:02:20.944268
1009,169,,117.68,,2023-02-12 22:57:02.866625
1010,169,,106.24,,2023-02-12 22:57:02.866625
1011,169,,32.12,,2023-02-12 22:57:02.866625
1012,169,,110.87,,2023-02-12 22:57:02.866625
1013,169,,100.49,,2023-02-12 22:57:02.866625
1014,169,,100.23,,2023-02-12 22:57:02.866625
1015,170,,50.54,,2023-02-17 00:12:19.631925
1016,170,,52.19,,2023-02-17 00:12:19.631925
1017,170,,73.57,,2023-02-17 00:12:19.631925
1018,170,,97.27,,2023-02-17 00:12:19.631925
1019,170,,72.64,,2023-02-17 00:12:19.631925
1020,170,,35.21,,2023-02-17 00:12:19.631925
1021,171,,100.67,,2023-02-17 23:59:18.666255
1022,171,,119.22,,2023-02-17 23:59:18.666255
1023,171,,79.0,,2023-02-17 23:59:18.666255
1024,171,,116.65,,2023-02-17 23:59:18.666255
1025,171,,36.8,,2023-02-17 23:59:18.666255
1026,171,,62.91,,2023-02-17 23:59:18.666255
1027,172,,91.17,,2023-02-25 01:00:12.329112
1028,172,,36.86,,2023-02-25 01:00:12.329112
1029,172,,54.72,,2023-02-25 01:00:12.329112
1030,172,,102.63,,2023-02-25 01:00:12.329112
1031,172,,71.37,,2023-02-25 01:00:12.329112
1032,172,,79.19,,2023-02-25 01:00:12.329112
1033,173,,44.92,,2023-02-27 23:58:56.299974
1034,173,,70.1,,2023-02-27 23:58:56.299974
1035,173,,48.83,,2023-02-27 23:58:56.299974
1036,173,,34.5,,2023-02-27 23:58:56.299974
1037,173,,105.93,,2023-02-27 23:58:56.299974
1038,173,,118.31,,2023-02-27 23:58:56.299974
1039,174,,99.45,,2023-03-10 10:54:32.267046
1040,174,,74.9,,2023-03-10 10:54:32.267046
1041,174,,31.09,,2023-03-10 10:54:32.267046
1042,174,,30.81,,2023-03-10 10:54:32.267046
1043,174,,62.13,,2023-03-10 10:54:32.267046
1044,174,,113.36,,2023-03-10 10:54:32.267046
1045,175,,30.13,,2023-03-30 23:16:51.249872
1046,175,,95.64,,2023-03-30 23:16:51.249872
1047,175,,117.02,,2023-03-30 23:16:51.249872
1048,175,,50.19,,2023-03-30 23:16:51.249872
1049,175,,89.67,,2023-03-30 23:16:51.249872
1050,175,,96.77,,2023-03-30 23:16:51.249872
1051,176,,94.14,,2023-03-31 03:13:23.085014
1052,176,,103.51,,2023-03-31 03:13:23.085014
1053,176,,46.35,,2023-03-31 03:13:23.085014
1054,176,,63.38,,2023-03-31 03:13:23.085014
1055,176,,111.17,,2023-03-31 03:13:23.085014
1056,176,,102.6,,2023-03-31 03:13:23.085014
1057,177,,82.54,,2023-04-01 02:51:12.086094
1058,177,,115.7,,2023-04-01 02:51:12.086094
1059,177,,33.82,,2023-04-01 02:51:12.086094
1060,177,,53.88,,2023-04-01 02:51:12.086094
1061,177,,84.14,,2023-04-01 02:51:12.086094
1062,177,,56.69,,2023-04-01 02:51:12.086094
1063,178,,75.8,,2023-04-13 06:29:31.752770
1064,178,,63.24,,2023-04-13 06:29:31.752770
1065,178,,113.96,,2023-04-13 06:29:31.752770
1066,178,,104.48,,2023-04-13 06:29:31.752770
1067,178,,92.75,,2023-04-13 06:29:31.752770
1068,178,,94.29,,2023-04-13 06:29:31.752770
1069,179,,118.07,,2023-04-16 02:31:40.820608
1070,179,,107.09,,2023-04-16 02:31:40.820608
1071,179,,93.11,,2023-04-16 02:31:40.820608
1072,179,,95.44,,2023-04-16 02:31:40.820608
1073,179,,80.59,,2023-04-16 02:31:40.820608
1074,179,,115.24,,2023-04-16 02:31:40.820608
1075,180,,96.1,,2023-04-26 04:59:24.533403
1076,180,,64.59,,2023-04-26 04:59:24.533403
1077,180,,32.27,,2023-04-26 04:59:24.533403
1078,180,,105.51,,2023-04-26 04:59:24.533403
1079,180,,31.03,,2023-04-26 04:59:24.533403
1080,180,,93.33,,2023-04-26 04:59:24.533403
1081,181,,51.15,,2023-04-27 08:47:38.044725
1082,181,,93.44,,2023-04-27 08:47:38.044725
1083,181,,103.54,,2023-04-27 08:47:38.044725
1084,181,,79.18,,2023-04-27 08:47:38.044725
1085,181,,117.03,,2023-04-27 08:47:38.044725
1086,181,,34.65,,2023-04-27 08:47:38.044725
1087,182,,102.0,,2023-05-05 21:52:46.008273
1088,182,,79.74,,2023-05-05 21:52:46.008273
1089,182,,65.69,,2023-05-05 21:52:46.008273
1090,182,,41.85,,2023-05-05 21:52:46.008273
1091,182,,107.88,,2023-05-05 21:52:46.008273
1092,182,,44.15,,2023-05-05 21:52:46.008273
1093,183,,61.19,,2023-05-21 16:31:58.451971
1094,183,,65.79,,2023-05-21 16:31:58.451971
1095,183,,53.78,,2023-05-21 16:31:58.451971
1096,183,,48.48,,2023-05-21 16:31:58.451971
1097,183,,73.47,,2023-05-21 16:31:58.451971
1098,183,,54.17,,2023-05-21 16:31:58.451971
1099,184,,36.93,,2023-05-23 16:24:39.565976
1100,184,,36.8,,2023-05-23 16:24:39.565976
1101,184,,115.63,,2023-05-23 16:24:39.565976
1102,184,,56.76,,2023-05-23 16:24:39.565976
1103,184,,38.29,,2023-05-23 16:24:39.565976
1104,184,,83.91,,2023-05-23 16:24:39.565976
1105,185,,54.07,,2023-06-03 04:35:19.541309
1106,185,,31.36,,2023-06-03 04:35:19.541309
1107,185,,116.85,,2023-06-03 04:35:19.541309
1108,185,,52.58,,2023-06-03 04:35:19.541309
1109,185,,90.84,,2023-06-03 04:35:19.541309
1110,185,,93.6,,2023-06-03 04:35:19.541309
1111,186,,107.95,,2023-06-07 02:25:24.225985
1112,186,,115.21,,2023-06-07 02:25:24.225985
1113,186,,39.53,,2023-06-07 02:25:24.225985
1114,186,,43.93,,2023-06-07 02:25:24.225985
1115,186,,115.03,,2023-06-07 02:25:24.225985
1116,186,,96.29,,2023-06-07 02:25:24.225985
1117,187,,82.88,,2023-06-11 16:22:14.118833
1118,187,,93.1,,2023-06-11 16:22:14.118833
1119,187,,91.21,,2023-06-11 16:22:14.118833
1120,187,,66.73,,2023-06-11 16:22:14.118833
1121,187,,31.39,,2023-06-11 16:22:14.118833
1122,187,,82.46,,2023-06-11 16:22:14.118833
1123,188,,105.58,,2023-06-20 03:59:31.958196
1124,188,,46.97,,2023-06-20 03:59:31.958196
1125,188,,90.52,,2023-06-20 03:59:31.958196
1126,188,,117.93,,2023-06-20 03:59:31.958196
1127,188,,39.17,,2023-06-20 03:59:31.958196
1128,188,,30.75,,2023-06-20 03:59:31.958196
1129,189,,97.35,,2023-06-25 07:52:18.804367
1130,189,,112.31,,2023-06-25 07:52:18.804367
1131,189,,69.06,,2023-06-25 07:52:18.804367
1132,189,,53.28,,2023-06-25 07:52:18.804367
1133,189,,69.1,,2023-06-25 07:52:18.804367
1134,189,,95.11,,2023-06-25 07:52:18.804367
1135,190,,63.16,,2023-07-11 14:00:06.752085
1136,190,,110.58,,2023-07-11 14:00:06.752085
1137,190,,89.98,,2023-07-11 14:00:06.752085
1138,190,,100.86,,2023-07-11 14:00:06.752085
1139,190,,70.89,,2023-07-11 14:00:06.752085
1140,190,,86.72,,2023-07-11 14:00:06.752085
1141,191,,88.44,,2023-07-23 10:31:39.207046
1142,191,,114.27,,2023-07-23 10:31:39.207046
1143,191,,35.76,,2023-07-23 10:31:39.207046
1144,191,,104.23,,2023-07-23 10:31:39.207046
1145,191,,56.31,,2023-07-23 10:31:39.207046
1146,191,,69.95,,2023-07-23 10:31:39.207046
1147,192,,75.24,,2023-08-13 07:37:01.707610
1148,192,,35.06,,2023-08-13 07:37:01.707610
1149,192,,74.2,,2023-08-13 07:37:01.707610
1150,192,,113.44,,2023-08-13 07:37:01.707610
1151,192,,39.49,,2023-08-13 07:37:01.707610
1152,192,,98.8,,2023-08-13 07:37:01.707610
1153,193,,112.24,,2023-09-16 14:35:16.941431
1154,193,,115.75,,2023-09-16 14:35:16.941431
1155,193,,59.41,,2023-09-16 14:35:16.941431
1156,193,,61.9,,2023-09-16 14:35:16.941431
1157,193,,75.51,,2023-09-16 14:35:16.941431
1158,193,,114.7,,2023-09-16 14:35:16.941431
1159,194,,31.72,,2023-09-25 05:40:40.084247
1160,194,,44.92,,2023-09-25 05:40:40.084247
1161,194,,110.18,,2023-09-25 05:40:40.084247
1162,194,,51.74,,2023-09-25 05:40:40.084247
1163,194,,61.88,,2023-09-25 05:40:40.084247
1164,194,,39.48,,2023-09-25 05:40:40.084247
1165,195,,35.2,,2023-10-22 01:29:14.393354
1166,195,,65.19,,2023-10-22 01:29:14.393354
1167,195,,51.08,,2023-10-22 01:29:14.393354
1168,195,,49.76,,2023-10-22 01:29:14.393354
1169,195,,116.39,,2023-10-22 01:29:14.393354
1170,195,,85.47,,2023-10-22 01:29:14.393354
1171,196,,68.6,,2023-10-23 23:26:37.369415
1172,196,,78.68,,2023-10-23 23:26:37.369415
1173,196,,92.68,,2023-10-23 23:26:37.369415
1174,196,,93.19,,2023-10-23 23:26:37.369415
1175,196,,45.45,,2023-10-23 23:26:37.369415
1176,196,,75.01,,2023-10-23 23:26:37.369415
1177,197,,110.61,,2023-10-30 18:09:42.220244
1178,197,,48.39,,2023-10-30 18:09:42.220244
1179,197,,75.7,,2023-10-30 18:09:42.220244
1180,197,,67.73,,2023-10-30 18:09:42.220244
1181,197,,31.63,,2023-10-30 18:09:42.220244
1182,197,,101.35,,2023-10-30 18:09:42.220244
1183,198,,73.66,,2023-11-03 10:26:36.818653
1184,198,,60.03,,2023-11-03 10:26:36.818653
1185,198,,101.24,,2023-11-03 10:26:36.818653
1186,198,,70.62,,2023-11-03 10:26:36.818653
1187,198,,46.51,,2023-11-03 10:26:36.818653
1188,198,,106.95,,2023-11-03 10:26:36.818653
1189,199,,102.32,,2023-11-08 08:54:51.784243
1190,199,,111.16,,2023-11-08 08:54:51.784243
1191,199,,48.31,,2023-11-08 08:54:51.784243
1192,199,,36.03,,2023-11-08 08:54:51.784243
1193,199,,108.96,,2023-11-08 08:54:51.784243
1194,199,,65.05,,2023-11-08 08:54:51.784243
1195,200,,35.99,,2023-11-28 02:00:07.319254
1196,200,,88.35,,2023-11-28 02:00:07.319254
1197,200,,36.67,,2023-11-28 02:00:07.319254
1198,200,,63.79,,2023-11-28 02:00:07.319254
1199,200,,102.34,,2023-11-28 02:00:07.319254
1200,200,,69.01,,2023-11-28 02:00:07.319254
1201,201,,30.48,,2023-11-28 02:39:37.266510
1202,201,,102.4,,2023-11-28 02:39:37.266510
1203,201,,99.55,,2023-11-28 02:39:37.266510
1204,201,,79.36,,2023-11-28 02:39:37.266510
1205,201,,35.98,,2023-11-28 02:39:37.266510
1206,201,,98.99,,2023-11-28 02:39:37.266510
1207,202,,47.55,,2023-11-30 05:54:57.874743
1208,202,,110.14,,2023-11-30 05:54:57.874743
1209,202,,97.5,,2023-11-30 05:54:57.874743
1210,202,,111.74,,2023-11-30 05:54:57.874743
1211,202,,98.28,,2023-11-30 05:54:57.874743
1212,202,,83.74,,2023-11-30 05:54:57.874743
1213,203,,44.08,,2023-11-30 19:18:09.375302
1214,203,,72.65,,2023-11-30 19:18:09.375302
1215,203,,94.48,,2023-11-30 19:18:09.375302
1216,203,,54.38,,2023-11-30 19:18:09.375302
1217,203,,48.2,,2023-11-30 19:18:09.375302
1218,203,,58.24,,2023-11-30 19:18:09.375302
1219,204,,68.24,,2023-12-02 07:33:09.419299
1220,204,,111.71,,2023-12-02 07:33:09.419299
1221,204,,75.64,,2023-12-02 07:33:09.419299
1222,204,,46.91,,2023-12-02 07:33:09.419299
1223,204,,36.93,,2023-12-02 07:33:09.419299
1224,204,,92.65,,2023-12-02 07:33:09.419299
1225,205,,54.48,,2023-12-13 12:50:35.384012
1226,205,,92.31,,2023-12-13 12:50:35.384012
1227,205,,53.77,,2023-12-13 12:50:35.384012
1228,205,,114.52,,2023-12-13 12:50:35.384012
1229,205,,87.27,,2023-12-13 12:50:35.384012
1230,205,,59.21,,2023-12-13 12:50:35.384012
1231,206,,92.52,,2023-12-18 03:31:44.973037
1232,206,,49.68,,2023-12-18 03:31:44.973037
1233,206,,83.58,,2023-12-18 03:31:44.973037
1234,206,,53.82,,2023-12-18 03:31:44.973037
1235,206,,89.58,,2023-12-18 03:31:44.973037
1236,206,,103.34,,2023-12-18 03:31:44.973037
1237,207,,92.91,,2023-12-18 12:55:10.447733
1238,207,,63.15,,2023-12-18 12:55:10.447733
1239,207,,68.91,,2023-12-18 12:55:10.447733
1240,207,,32.8,,2023-12-18 12:55:10.447733
1241,207,,53.36,,2023-12-18 12:55:10.447733
1242,207,,33.03,,2023-12-18 12:55:10.447733
1243,208,,80.16,,2023-12-30 23:28:54.968668
1244,208,,33.51,,2023-12-30 23:28:54.968668
1245,208,,90.02,,2023-12-30 23:28:54.968668
1246,208,,59.07,,2023-12-30 23:28:54.968668
1247,208,,110.81,,2023-12-30 23:28:54.968668
1248,208,,109.93,,2023-12-30 23:28:54.968668
1249,209,,106.04,,2024-01-02 17:38:58.241698
1250,209,,52.41,,2024-01-02 17:38:58.241698
1251,209,,81.9,,2024-01-02 17:38:58.241698
1252,209,,36.05,,2024-01-02 17:38:58.241698
1253,209,,38.54,,2024-01-02 17:38:58.241698
1254,209,,119.9,,2024-01-02 17:38:58.241698
1255,210,,102.6,,2024-01-07 09:44:28.718219
1256,210,,107.22,,2024-01-07 09:44:28.718219
1257,210,,119.79,,2024-01-07 09:44:28.718219
1258,210,,51.73,,2024-01-07 09:44:28.718219
1259,210,,33.63,,2024-01-07 09:44:28.718219
1260,210,,67.01,,2024-01-07 09:44:28.718219
1261,211,,119.61,,2024-01-11 01:05:49.258214
1262,211,,118.3,,2024-01-11 01:05:49.258214
1263,211,,88.46,,2024-01-11 01:05:49.258214
1264,211,,102.4,,2024-01-11 01:05:49.258214
1265,211,,94.36,,2024-01-11 01:05:49.258214
1266,211,,83.38,,2024-01-11 01:05:49.258214
1267,212,,90.73,,2024-01-20 03:15:02.680068
1268,212,,90.98,,2024-01-20 03:15:02.680068
1269,212,,63.58,,2024-01-20 03:15:02.680068
1270,212,,114.75,,2024-01-20 03:15:02.680068
1271,212,,45.06,,2024-01-20 03:15:02.680068
1272,212,,75.03,,2024-01-20 03:15:02.680068
1273,213,,78.23,,2024-01-24 08:17:33.226387
1274,213,,73.96,,2024-01-24 08:17:33.226387
1275,213,,66.17,,2024-01-24 08:17:33.226387
1276,213,,43.83,,2024-01-24 08:17:33.226387
1277,213,,81.53,,2024-01-24 08:17:33.226387
1278,213,,54.93,,2024-01-24 08:17:33.226387
1279,214,,109.46,,2024-01-28 13:31:17.643977
1280,214,,89.31,,2024-01-28 13:31:17.643977
1281,214,,49.01,,2024-01-28 13:31:17.643977
1282,214,,107.67,,2024-01-28 13:31:17.643977
1283,214,,109.75,,2024-01-28 13:31:17.643977
1284,214,,47.7,,2024-01-28 13:31:17.643977
1285,215,,32.7,,2024-01-28 16:32:59.537700
1286,215,,110.76,,2024-01-28 16:32:59.537700
1287,215,,86.04,,2024-01-28 16:32:59.537700
1288,215,,117.6,,2024-01-28 16:32:59.537700
1289,215,,71.85,,2024-01-28 16:32:59.537700
1290,215,,106.26,,2024-01-28 16:32:59.537700
1291,216,,36.03,,2024-02-01 16:09:59.092779
1292,216,,117.78,,2024-02-01 16:09:59.092779
1293,216,,103.53,,2024-02-01 16:09:59.092779
1294,216,,106.73,,2024-02-01 16:09:59.092779
1295,216,,114.42,,2024-02-01 16:09:59.092779
1296,216,,37.66,,2024-02-01 16:09:59.092779
1297,217,,72.22,,2024-02-12 21:49:37.978228
1298,217,,54.17,,2024-02-12 21:49:37.978228
1299,217,,39.09,,2024-02-12 21:49:37.978228
1300,217,,45.07,,2024-02-12 21:49:37.978228
1301,217,,43.25,,2024-02-12 21:49:37.978228
1302,217,,117.58,,2024-02-12 21:49:37.978228
1303,218,,69.58,,2024-02-19 07:04:05.318601
1304,218,,55.05,,2024-02-19 07:04:05.318601
1305,218,,101.85,,2024-02-19 07:04:05.318601
1306,218,,59.36,,2024-02-19 07:04:05.318601
1307,218,,56.94,,2024-02-19 07:04:05.318601
1308,218,,50.93,,2024-02-19 07:04:05.318601
1309,219,,80.71,,2024-02-24 12:28:37.931733
1310,219,,102.34,,2024-02-24 12:28:37.931733
1311,219,,42.34,,2024-02-24 12:28:37.931733
1312,219,,82.26,,2024-02-24 12:28:37.931733
1313,219,,75.5,,2024-02-24 12:28:37.931733
1314,219,,42.97,,2024-02-24 12:28:37.931733
1315,220,,73.91,,2024-02-24 22:13:32.741537
1316,220,,37.4,,2024-02-24 22:13:32.741537
1317,220,,71.36,,2024-02-24 22:13:32.741537
1318,220,,57.58,,2024-02-24 22:13:32.741537
1319,220,,104.01,,2024-02-24 22:13:32.741537
1320,220,,35.13,,2024-02-24 22:13:32.741537
1321,221,,45.79,,2024-02-26 10:59:41.060490
1322,221,,81.1,,2024-02-26 10:59:41.060490
1323,221,,82.14,,2024-02-26 10:59:41.060490
1324,221,,74.07,,2024-02-26 10:59:41.060490
1325,221,,88.03,,2024-02-26 10:59:41.060490
1326,221,,50.68,,2024-02-26 10:59:41.060490
1327,222,,81.38,,2024-03-01 15:52:41.697073
1328,222,,46.67,,2024-03-01 15:52:41.697073
1329,222,,55.08,,2024-03-01 15:52:41.697073
1330,222,,49.68,,2024-03-01 15:52:41.697073
1331,222,,46.46,,2024-03-01 15:52:41.697073
1332,222,,104.31,,2024-03-01 15:52:41.697073
1333,223,,117.29,,2024-03-03 15:52:45.574898
1334,223,,81.41,,2024-03-03 15:52:45.574898
1335,223,,42.87,,2024-03-03 15:52:45.574898
1336,223,,63.71,,2024-03-03 15:52:45.574898
1337,223,,101.8,,2024-03-03 15:52:45.574898
1338,223,,63.07,,2024-03-03 15:52:45.574898
1339,224,,111.76,,2024-03-10 18:45:11.597995
1340,224,,72.13,,2024-03-10 18:45:11.597995
1341,224,,71.97,,2024-03-10 18:45:11.597995
1342,224,,98.45,,2024-03-10 18:45:11.597995
1343,224,,43.9,,2024-03-10 18:45:11.597995
1344,224,,73.85,,2024-03-10 18:45:11.597995
1345,225,,65.81,,2024-03-15 14:58:19.519218
1346,225,,104.48,,2024-03-15 14:58:19.519218
1347,225,,45.36,,2024-03-15 14:58:19.519218
1348,225,,32.74,,2024-03-15 14:58:19.519218
1349,225,,48.4,,2024-03-15 14:58:19.519218
1350,225,,60.64,,2024-03-15 14:58:19.519218
1351,226,,41.29,,2024-03-17 13:56:28.293774
1352,226,,99.55,,2024-03-17 13:56:28.293774
1353,226,,51.32,,2024-03-17 13:56:28.293774
1354,226,,90.97,,2024-03-17 13:56:28.293774
1355,226,,80.92,,2024-03-17 13:56:28.293774
1356,226,,113.62,,2024-03-17 13:56:28.293774
1357,227,,86.04,,2024-04-02 19:36:13.002701
1358,227,,119.11,,2024-04-02 19:36:13.002701
1359,227,,58.07,,2024-04-02 19:36:13.002701
1360,227,,60.6,,2024-04-02 19:36:13.002701
1361,227,,37.1,,2024-04-02 19:36:13.002701
1362,227,,69.85,,2024-04-02 19:36:13.002701
1363,228,,46.72,,2024-04-04 16:59:42.992572
1364,228,,63.53,,2024-04-04 16:59:42.992572
1365,228,,113.58,,2024-04-04 16:59:42.992572
1366,228,,35.56,,2024-04-04 16:59:42.992572
1367,228,,38.31,,2024-04-04 16:59:42.992572
1368,228,,44.65,,2024-04-04 16:59:42.992572
1369,229,,117.13,,2024-04-10 02:25:21.242987
1370,229,,70.2,,2024-04-10 02:25:21.242987
1371,229,,75.14,,2024-04-10 02:25:21.242987
1372,229,,52.2,,2024-04-10 02:25:21.242987
1373,229,,72.39,,2024-04-10 02:25:21.242987
1374,229,,89.57,,2024-04-10 02:25:21.242987
1375,230,,103.57,,2024-04-21 08:32:15.263786
1376,230,,98.13,,2024-04-21 08:32:15.263786
1377,230,,35.0,,2024-04-21 08:32:15.263786
1378,230,,30.62,,2024-04-21 08:32:15.263786
1379,230,,49.12,,2024-04-21 08:32:15.263786
1380,230,,89.72,,2024-04-21 08:32:15.263786
1381,231,,89.28,,2024-04-25 09:32:26.919903
1382,231,,77.91,,2024-04-25 09:32:26.919903
1383,231,,39.29,,2024-04-25 09:32:26.919903
1384,231,,45.53,,2024-04-25 09:32:26.919903
1385,231,,81.12,,2024-04-25 09:32:26.919903
1386,231,,56.67,,2024-04-25 09:32:26.919903
1387,232,,118.52,,2024-05-13 20:58:49.442162
1388,232,,53.37,,2024-05-13 20:58:49.442162
1389,232,,117.28,,2024-05-13 20:58:49.442162
1390,232,,68.81,,2024-05-13 20:58:49.442162
1391,232,,61.28,,2024-05-13 20:58:49.442162
1392,232,,34.53,,2024-05-13 20:58:49.442162
1393,233,,85.26,,2024-05-25 01:37:36.205925
1394,233,,52.76,,2024-05-25 01:37:36.205925
1395,233,,81.99,,2024-05-25 01:37:36.205925
1396,233,,62.33,,2024-05-25 01:37:36.205925
1397,233,,104.12,,2024-05-25 01:37:36.205925
1398,233,,103.86,,2024-05-25 01:37:36.205925
1399,234,,62.63,,2024-05-27 14:41:48.080076
1400,234,,102.51,,2024-05-27 14:41:48.080076
1401,234,,59.54,,2024-05-27 14:41:48.080076
1402,234,,48.82,,2024-05-27 14:41:48.080076
1403,234,,37.62,,2024-05-27 14:41:48.080076
1404,234,,72.0,,2024-05-27 14:41:48.080076
1405,235,,114.46,,2024-06-16 22:53:19.399670
1406,235,,89.56,,2024-06-16 22:53:19.399670
1407,235,,36.91,,2024-06-16 22:53:19.399670
1408,235,,61.92,,2024-06-16 22:53:19.399670
1409,235,,79.56,,2024-06-16 22:53:19.399670
1410,235,,66.29,,2024-06-16 22:53:19.399670
1411,236,,66.29,,2024-07-03 05:58:40.742044
1412,236,,97.72,,2024-07-03 05:58:40.742044
1413,236,,77.82,,2024-07-03 05:58:40.742044
1414,236,,90.97,,2024-07-03 05:58:40.742044
1415,236,,68.56,,2024-07-03 05:58:40.742044
1416,236,,95.83,,2024-07-03 05:58:40.742044
1417,237,,104.96,,2024-07-13 12:10:40.897710
1418,237,,78.63,,2024-07-13 12:10:40.897710
1419,237,,106.02,,2024-07-13 12:10:40.897710
1420,237,,68.82,,2024-07-13 12:10:40.897710
1421,237,,64.11,,2024-07-13 12:10:40.897710
1422,237,,112.36,,2024-07-13 12:10:40.897710
1423,238,,102.49,,2024-07-19 00:04:06.060538
1424,238,,115.21,,2024-07-19 00:04:06.060538
1425,238,,66.02,,2024-07-19 00:04:06.060538
1426,238,,100.5,,2024-07-19 00:04:06.060538
1427,238,,53.93,,2024-07-19 00:04:06.060538
1428,238,,119.13,,2024-07-19 00:04:06.060538
1429,239,,89.36,,2024-07-29 10:58:53.938346
1430,239,,91.92,,2024-07-29 10:58:53.938346
1431,239,,40.83,,2024-07-29 10:58:53.938346
1432,239,,114.47,,2024-07-29 10:58:53.938346
1433,239,,46.31,,2024-07-29 10:58:53.938346
1434,239,,86.05,,2024-07-29 10:58:53.938346
1435,240,,31.49,,2024-07-30 01:38:15.565911
1436,240,,89.55,,2024-07-30 01:38:15.565911
1437,240,,84.22,,2024-07-30 01:38:15.565911
1438,240,,44.67,,2024-07-30 01:38:15.565911
1439,240,,51.04,,2024-07-30 01:38:15.565911
1440,240,,32.13,,2024-07-30 01:38:15.565911
1441,241,,82.49,,2024-08-04 07:21:55.779045
1442,241,,31.02,,2024-08-04 07:21:55.779045
1443,241,,100.86,,2024-08-04 07:21:55.779045
1444,241,,57.58,,2024-08-04 07:21:55.779045
1445,241,,33.62,,2024-08-04 07:21:55.779045
1446,241,,82.95,,2024-08-04 07:21:55.779045
1447,242,,102.51,,2024-08-08 16:09:59.962719
1448,242,,50.19,,2024-08-08 16:09:59.962719
1449,242,,50.35,,2024-08-08 16:09:59.962719
1450,242,,103.56,,2024-08-08 16:09:59.962719
1451,242,,113.74,,2024-08-08 16:09:59.962719
1452,242,,38.58,,2024-08-08 16:09:59.962719
1453,243,,108.36,,2024-08-15 02:09:49.315963
1454,243,,37.52,,2024-08-15 02:09:49.315963
1455,243,,49.0,,2024-08-15 02:09:49.315963
1456,243,,97.72,,2024-08-15 02:09:49.315963
1457,243,,34.62,,2024-08-15 02:09:49.315963
1458,243,,74.33,,2024-08-15 02:09:49.315963
1459,244,,53.38,,2024-08-21 18:39:52.866616
1460,244,,109.75,,2024-08-21 18:39:52.866616
1461,244,,110.61,,2024-08-21 18:39:52.866616
1462,244,,56.76,,2024-08-21 18:39:52.866616
1463,244,,50.7,,2024-08-21 18:39:52.866616
1464,244,,67.02,,2024-08-21 18:39:52.866616
1465,245,,104.19,,2024-08-24 23:01:06.451205
1466,245,,65.73,,2024-08-24 23:01:06.451205
1467,245,,44.07,,2024-08-24 23:01:06.451205
1468,245,,96.42,,2024-08-24 23:01:06.451205
1469,245,,62.44,,2024-08-24 23:01:06.451205
1470,245,,90.41,,2024-08-24 23:01:06.451205
1471,246,,119.33,,2024-08-29 13:33:34.616067
1472,246,,44.06,,2024-08-29 13:33:34.616067
1473,246,,118.96,,2024-08-29 13:33:34.616067
1474,246,,117.96,,2024-08-29 13:33:34.616067
1475,246,,101.44,,2024-08-29 13:33:34.616067
1476,246,,89.35,,2024-08-29 13:33:34.616067
1477,247,,85.75,,2024-09-01 10:53:34.030100
1478,247,,67.01,,2024-09-01 10:53:34.030100
1479,247,,68.47,,2024-09-01 10:53:34.030100
1480,247,,59.73,,2024-09-01 10:53:34.030100
1481,247,,80.78,,2024-09-01 10:53:34.030100
1482,247,,106.55,,2024-09-01 10:53:34.030100
1483,248,,92.02,,2024-09-03 17:13:19.353716
1484,248,,104.09,,2024-09-03 17:13:19.353716
1485,248,,80.06,,2024-09-03 17:13:19.353716
1486,248,,100.16,,2024-09-03 17:13:19.353716
1487,248,,31.46,,2024-09-03 17:13:19.353716
1488,248,,103.65,,2024-09-03 17:13:19.353716
1489,249,,39.26,,2024-09-13 22:30:25.774384
1490,249,,41.34,,2024-09-13 22:30:25.774384
1491,249,,118.12,,2024-09-13 22:30:25.774384
1492,249,,90.65,,2024-09-13 22:30:25.774384
1493,249,,106.22,,2024-09-13 22:30:25.774384
1494,249,,59.19,,2024-09-13 22:30:25.774384
1495,250,,51.0,,2024-09-14 18:02:39.750285
1496,250,,86.28,,2024-09-14 18:02:39.750285
1497,250,,97.24,,2024-09-14 18:02:39.750285
1498,250,,49.68,,2024-09-14 18:02:39.750285
1499,250,,35.39,,2024-09-14 18:02:39.750285
1500,250,,41.79,,2024-09-14 18:02:39.750285
1501,251,,60.72,,2024-09-24 02:33:50.471366
1502,251,,73.07,,2024-09-24 02:33:50.471366
1503,251,,113.6,,2024-09-24 02:33:50.471366
1504,251,,59.88,,2024-09-24 02:33:50.471366
1505,251,,71.88,,2024-09-24 02:33:50.471366
1506,251,,31.23,,2024-09-24 02:33:50.471366
1507,252,,32.51,,2024-10-01 00:28:57.013779
1508,252,,86.82,,2024-10-01 00:28:57.013779
1509,252,,68.38,,2024-10-01 00:28:57.013779
1510,252,,79.33,,2024-10-01 00:28:57.013779
1511,252,,45.72,,2024-10-01 00:28:57.013779
1512,252,,56.63,,2024-10-01 00:28:57.013779
1513,253,,49.61,,2024-10-06 08:40:52.540307
1514,253,,89.57,,2024-10-06 08:40:52.540307
1515,253,,87.03,,2024-10-06 08:40:52.540307
1516,253,,83.41,,2024-10-06 08:40:52.540307
1517,253,,31.46,,2024-10-06 08:40:52.540307
1518,253,,95.59,,2024-10-06 08:40:52.540307
1519,254,,42.11,,2024-10-06 20:50:01.471795
1520,254,,38.5,,2024-10-06 20:50:01.471795
1521,254,,104.84,,2024-10-06 20:50:01.471795
1522,254,,112.66,,2024-10-06 20:50:01.471795
1523,254,,88.48,,2024-10-06 20:50:01.471795
1524,254,,39.31,,2024-10-06 20:50:01.471795
1525,255,,37.66,,2024-10-12 11:27:58.908590
1526,255,,79.4,,2024-10-12 11:27:58.908590
1527,255,,64.2,,2024-10-12 11:27:58.908590
1528,255,,84.64,,2024-10-12 11:27:58.908590
1529,255,,64.99,,2024-10-12 11:27:58.908590
1530,255,,51.63,,2024-10-12 11:27:58.908590
1531,256,,118.86,,2024-10-20 06:17:21.652447
1532,256,,69.97,,2024-10-20 06:17:21.652447
1533,256,,77.87,,2024-10-20 06:17:21.652447
1534,256,,108.63,,2024-10-20 06:17:21.652447
1535,256,,119.6,,2024-10-20 06:17:21.652447
1536,256,,82.44,,2024-10-20 06:17:21.652447
1537,257,,57.52,,2024-10-24 09:14:14.683951
1538,257,,66.24,,2024-10-24 09:14:14.683951
1539,257,,90.53,,2024-10-24 09:14:14.683951
1540,257,,91.4,,2024-10-24 09:14:14.683951
1541,257,,58.37,,2024-10-24 09:14:14.683951
1542,257,,41.99,,2024-10-24 09:14:14.683951
1543,258,,82.7,,2024-10-30 13:17:35.104680
1544,258,,78.99,,2024-10-30 13:17:35.104680
1545,258,,51.04,,2024-10-30 13:17:35.104680
1546,258,,87.4,,2024-10-30 13:17:35.104680
1547,258,,103.81,,2024-10-30 13:17:35.104680
1548,258,,33.74,,2024-10-30 13:17:35.104680
1549,259,,52.71,,2024-11-07 11:56:29.020020
1550,259,,57.7,,2024-11-07 11:56:29.020020
1551,259,,85.23,,2024-11-07 11:56:29.020020
1552,259,,110.81,,2024-11-07 11:56:29.020020
1553,259,,102.89,,2024-11-07 11:56:29.020020
1554,259,,82.48,,2024-11-07 11:56:29.020020
1555,260,,47.09,,2024-11-11 12:24:23.957314
1556,260,,93.16,,2024-11-11 12:24:23.957314
1557,260,,80.08,,2024-11-11 12:24:23.957314
1558,260,,62.28,,2024-11-11 12:24:23.957314
1559,260,,112.02,,2024-11-11 12:24:23.957314
1560,260,,31.88,,2024-11-11 12:24:23.957314
1561,261,,98.99,,2024-11-12 22:17:06.461401
1562,261,,93.19,,2024-11-12 22:17:06.461401
1563,261,,59.82,,2024-11-12 22:17:06.461401
1564,261,,90.81,,2024-11-12 22:17:06.461401
1565,261,,65.63,,2024-11-12 22:17:06.461401
1566,261,,98.06,,2024-11-12 22:17:06.461401
1567,262,,65.26,,2024-11-25 03:14:06.500865
1568,262,,44.64,,2024-11-25 03:14:06.500865
1569,262,,96.09,,2024-11-25 03:14:06.500865
1570,262,,48.79,,2024-11-25 03:14:06.500865
1571,262,,35.27,,2024-11-25 03:14:06.500865
1572,262,,79.71,,2024-11-25 03:14:06.500865
1573,263,,56.67,,2024-11-26 21:03:08.538143
1574,263,,42.91,,2024-11-26 21:03:08.538143
1575,263,,43.63,,2024-11-26 21:03:08.538143
1576,263,,68.95,,2024-11-26 21:03:08.538143
1577,263,,83.61,,2024-11-26 21:03:08.538143
1578,263,,37.26,,2024-11-26 21:03:08.538143
1579,264,,86.71,,2024-11-29 21:10:45.923075
1580,264,,104.58,,2024-11-29 21:10:45.923075
1581,264,,100.51,,2024-11-29 21:10:45.923075
1582,264,,54.94,,2024-11-29 21:10:45.923075
1583,264,,114.68,,2024-11-29 21:10:45.923075
1584,264,,41.19,,2024-11-29 21:10:45.923075
1585,265,,73.5,,2024-12-22 16:29:48.862781
1586,265,,64.45,,2024-12-22 16:29:48.862781
1587,265,,105.52,,2024-12-22 16:29:48.862781
1588,265,,43.08,,2024-12-22 16:29:48.862781
1589,265,,75.51,,2024-12-22 16:29:48.862781
1590,265,,35.58,,2024-12-22 16:29:48.862781
