id,queue_name,entity_id,entity_table,action,simulation_time,simulation_datetime,priority,queue_length_before,queue_length_after,wait_time
1,ProjectQueue,1,Deliverable,entry,20272.38148700031,2020-01-15 01:52:22.889220,,0,1,
2,ProjectQueue,1,Deliverable,exit,20272.38148700031,2020-01-15 01:52:22.889220,,1,0,0.0
3,ProjectQueue,1,Deliverable,entry,20272.38148700031,2020-01-15 01:52:22.889220,,0,1,
4,ProjectQueue,1,Deliverable,exit,20272.38148700031,2020-01-15 01:52:22.889220,,1,0,0.0
5,ProjectQueue,2,Deliverable,entry,56277.67716010387,2020-02-09 01:57:40.629606,,0,1,
6,ProjectQueue,2,Deliverable,exit,56277.67716010387,2020-02-09 01:57:40.629606,,1,0,0.0
7,ProjectQueue,2,Deliverable,entry,56277.67716010387,2020-02-09 01:57:40.629606,,0,1,
8,ProjectQueue,2,Deliverable,exit,56277.67716010387,2020-02-09 01:57:40.629606,,1,0,0.0
9,ProjectQueue,3,Deliverable,entry,59711.499810121495,2020-02-11 11:11:29.988607,,0,1,
10,ProjectQueue,3,Deliverable,exit,59711.499810121495,2020-02-11 11:11:29.988607,,1,0,0.0
11,ProjectQueue,3,Deliverable,entry,59711.499810121495,2020-02-11 11:11:29.988607,,0,1,
12,ProjectQueue,3,Deliverable,exit,59711.499810121495,2020-02-11 11:11:29.988607,,1,0,0.0
13,ProjectQueue,4,Deliverable,entry,89114.2162419426,2020-03-02 21:14:12.974517,,0,1,
14,ProjectQueue,4,Deliverable,exit,89114.2162419426,2020-03-02 21:14:12.974517,,1,0,0.0
15,ProjectQueue,4,Deliverable,entry,89114.2162419426,2020-03-02 21:14:12.974517,,0,1,
16,ProjectQueue,4,Deliverable,exit,89114.2162419426,2020-03-02 21:14:12.974517,,1,0,0.0
17,ProjectQueue,5,Deliverable,entry,102235.37403594443,2020-03-11 23:55:22.442157,,0,1,
18,ProjectQueue,5,Deliverable,exit,102235.37403594443,2020-03-11 23:55:22.442157,,1,0,0.0
19,ProjectQueue,5,Deliverable,entry,102235.37403594443,2020-03-11 23:55:22.442157,,0,1,
20,ProjectQueue,5,Deliverable,exit,102235.37403594443,2020-03-11 23:55:22.442157,,1,0,0.0
21,ProjectQueue,6,Deliverable,entry,138322.3675145446,2020-04-06 01:22:22.050873,,0,1,
22,ProjectQueue,6,Deliverable,exit,138322.3675145446,2020-04-06 01:22:22.050873,,1,0,0.0
23,ProjectQueue,6,Deliverable,entry,138322.3675145446,2020-04-06 01:22:22.050873,,0,1,
24,ProjectQueue,6,Deliverable,exit,138322.3675145446,2020-04-06 01:22:22.050873,,1,0,0.0
25,ProjectQueue,7,Deliverable,entry,148423.17180665187,2020-04-13 01:43:10.308399,,0,1,
26,ProjectQueue,7,Deliverable,exit,148423.17180665187,2020-04-13 01:43:10.308399,,1,0,0.0
27,ProjectQueue,7,Deliverable,entry,148423.17180665187,2020-04-13 01:43:10.308399,,0,1,
28,ProjectQueue,7,Deliverable,exit,148423.17180665187,2020-04-13 01:43:10.308399,,1,0,0.0
29,ProjectQueue,8,Deliverable,entry,188174.8124896209,2020-05-10 16:14:48.749377,,0,1,
30,ProjectQueue,8,Deliverable,exit,188174.8124896209,2020-05-10 16:14:48.749377,,1,0,0.0
31,ProjectQueue,8,Deliverable,entry,188174.8124896209,2020-05-10 16:14:48.749377,,0,1,
32,ProjectQueue,8,Deliverable,exit,188174.8124896209,2020-05-10 16:14:48.749377,,1,0,0.0
33,ProjectQueue,9,Deliverable,entry,197095.4170683141,2020-05-16 20:55:25.024099,,0,1,
34,ProjectQueue,9,Deliverable,exit,197095.4170683141,2020-05-16 20:55:25.024099,,1,0,0.0
35,ProjectQueue,9,Deliverable,entry,197095.4170683141,2020-05-16 20:55:25.024099,,0,1,
36,ProjectQueue,9,Deliverable,exit,197095.4170683141,2020-05-16 20:55:25.024099,,1,0,0.0
37,ProjectQueue,10,Deliverable,entry,198550.6442269102,2020-05-17 21:10:38.653615,,0,1,
38,ProjectQueue,10,Deliverable,exit,198550.6442269102,2020-05-17 21:10:38.653615,,1,0,0.0
39,ProjectQueue,10,Deliverable,entry,198550.6442269102,2020-05-17 21:10:38.653615,,0,1,
40,ProjectQueue,10,Deliverable,exit,198550.6442269102,2020-05-17 21:10:38.653615,,1,0,0.0
41,ProjectQueue,11,Deliverable,entry,233060.4106610787,2020-06-10 20:20:24.639665,,0,1,
42,ProjectQueue,11,Deliverable,exit,233060.4106610787,2020-06-10 20:20:24.639665,,1,0,0.0
43,ProjectQueue,11,Deliverable,entry,233060.4106610787,2020-06-10 20:20:24.639665,,0,1,
44,ProjectQueue,11,Deliverable,exit,233060.4106610787,2020-06-10 20:20:24.639665,,1,0,0.0
45,ProjectQueue,12,Deliverable,entry,249543.97446956704,2020-06-22 07:03:58.468174,,0,1,
46,ProjectQueue,12,Deliverable,exit,249543.97446956704,2020-06-22 07:03:58.468174,,1,0,0.0
47,ProjectQueue,12,Deliverable,entry,249543.97446956704,2020-06-22 07:03:58.468174,,0,1,
48,ProjectQueue,12,Deliverable,exit,249543.97446956704,2020-06-22 07:03:58.468174,,1,0,0.0
49,ProjectQueue,13,Deliverable,entry,261505.06283248446,2020-06-30 14:25:03.769949,,0,1,
50,ProjectQueue,13,Deliverable,exit,261505.06283248446,2020-06-30 14:25:03.769949,,1,0,0.0
51,ProjectQueue,13,Deliverable,entry,261505.06283248446,2020-06-30 14:25:03.769949,,0,1,
52,ProjectQueue,13,Deliverable,exit,261505.06283248446,2020-06-30 14:25:03.769949,,1,0,0.0
53,ProjectQueue,14,Deliverable,entry,262244.89756216574,2020-07-01 02:44:53.853730,,0,1,
54,ProjectQueue,14,Deliverable,exit,262244.89756216574,2020-07-01 02:44:53.853730,,1,0,0.0
55,ProjectQueue,14,Deliverable,entry,262244.89756216574,2020-07-01 02:44:53.853730,,0,1,
56,ProjectQueue,14,Deliverable,exit,262244.89756216574,2020-07-01 02:44:53.853730,,1,0,0.0
57,ProjectQueue,15,Deliverable,entry,264160.326073965,2020-07-02 10:40:19.564438,,0,1,
58,ProjectQueue,15,Deliverable,exit,264160.326073965,2020-07-02 10:40:19.564438,,1,0,0.0
59,ProjectQueue,15,Deliverable,entry,264160.326073965,2020-07-02 10:40:19.564438,,0,1,
60,ProjectQueue,15,Deliverable,exit,264160.326073965,2020-07-02 10:40:19.564438,,1,0,0.0
61,ProjectQueue,16,Deliverable,entry,272475.69710019114,2020-07-08 05:15:41.826011,,0,1,
62,ProjectQueue,16,Deliverable,exit,272475.69710019114,2020-07-08 05:15:41.826011,,1,0,0.0
63,ProjectQueue,16,Deliverable,entry,272475.69710019114,2020-07-08 05:15:41.826011,,0,1,
64,ProjectQueue,16,Deliverable,exit,272475.69710019114,2020-07-08 05:15:41.826011,,1,0,0.0
65,ProjectQueue,17,Deliverable,entry,291626.2912304411,2020-07-21 12:26:17.473826,,0,1,
66,ProjectQueue,17,Deliverable,exit,291626.2912304411,2020-07-21 12:26:17.473826,,1,0,0.0
67,ProjectQueue,17,Deliverable,entry,291626.2912304411,2020-07-21 12:26:17.473826,,0,1,
68,ProjectQueue,17,Deliverable,exit,291626.2912304411,2020-07-21 12:26:17.473826,,1,0,0.0
69,ProjectQueue,18,Deliverable,entry,292857.7000514192,2020-07-22 08:57:42.003085,,0,1,
70,ProjectQueue,18,Deliverable,exit,292857.7000514192,2020-07-22 08:57:42.003085,,1,0,0.0
71,ProjectQueue,18,Deliverable,entry,292857.7000514192,2020-07-22 08:57:42.003085,,0,1,
72,ProjectQueue,18,Deliverable,exit,292857.7000514192,2020-07-22 08:57:42.003085,,1,0,0.0
73,ProjectQueue,19,Deliverable,entry,305985.89457600436,2020-07-31 11:45:53.674560,,0,1,
74,ProjectQueue,19,Deliverable,exit,305985.89457600436,2020-07-31 11:45:53.674560,,1,0,0.0
75,ProjectQueue,19,Deliverable,entry,305985.89457600436,2020-07-31 11:45:53.674560,,0,1,
76,ProjectQueue,19,Deliverable,exit,305985.89457600436,2020-07-31 11:45:53.674560,,1,0,0.0
77,ProjectQueue,20,Deliverable,entry,314330.30048216076,2020-08-06 06:50:18.028930,,0,1,
78,ProjectQueue,20,Deliverable,exit,314330.30048216076,2020-08-06 06:50:18.028930,,1,0,0.0
79,ProjectQueue,20,Deliverable,entry,314330.30048216076,2020-08-06 06:50:18.028930,,0,1,
80,ProjectQueue,20,Deliverable,exit,314330.30048216076,2020-08-06 06:50:18.028930,,1,0,0.0
81,ProjectQueue,21,Deliverable,entry,321559.84110508626,2020-08-11 07:19:50.466305,,0,1,
82,ProjectQueue,21,Deliverable,exit,321559.84110508626,2020-08-11 07:19:50.466305,,1,0,0.0
83,ProjectQueue,21,Deliverable,entry,321559.84110508626,2020-08-11 07:19:50.466305,,0,1,
84,ProjectQueue,21,Deliverable,exit,321559.84110508626,2020-08-11 07:19:50.466305,,1,0,0.0
85,ProjectQueue,22,Deliverable,entry,323454.5260695239,2020-08-12 14:54:31.564171,,0,1,
86,ProjectQueue,22,Deliverable,exit,323454.5260695239,2020-08-12 14:54:31.564171,,1,0,0.0
87,ProjectQueue,22,Deliverable,entry,323454.5260695239,2020-08-12 14:54:31.564171,,0,1,
88,ProjectQueue,22,Deliverable,exit,323454.5260695239,2020-08-12 14:54:31.564171,,1,0,0.0
89,ProjectQueue,23,Deliverable,entry,331178.149172476,2020-08-17 23:38:08.950349,,0,1,
90,ProjectQueue,23,Deliverable,exit,331178.149172476,2020-08-17 23:38:08.950349,,1,0,0.0
91,ProjectQueue,23,Deliverable,entry,331178.149172476,2020-08-17 23:38:08.950349,,0,1,
92,ProjectQueue,23,Deliverable,exit,331178.149172476,2020-08-17 23:38:08.950349,,1,0,0.0
93,ProjectQueue,24,Deliverable,entry,332464.00869399577,2020-08-18 21:04:00.521640,,0,1,
94,ProjectQueue,24,Deliverable,exit,332464.00869399577,2020-08-18 21:04:00.521640,,1,0,0.0
95,ProjectQueue,24,Deliverable,entry,332464.00869399577,2020-08-18 21:04:00.521640,,0,1,
96,ProjectQueue,24,Deliverable,exit,332464.00869399577,2020-08-18 21:04:00.521640,,1,0,0.0
97,ProjectQueue,25,Deliverable,entry,355246.89791615686,2020-09-03 16:46:53.874969,,0,1,
98,ProjectQueue,25,Deliverable,exit,355246.89791615686,2020-09-03 16:46:53.874969,,1,0,0.0
99,ProjectQueue,25,Deliverable,entry,355246.89791615686,2020-09-03 16:46:53.874969,,0,1,
100,ProjectQueue,25,Deliverable,exit,355246.89791615686,2020-09-03 16:46:53.874969,,1,0,0.0
101,ProjectQueue,26,Deliverable,entry,366977.61775649,2020-09-11 20:17:37.065389,,0,1,
102,ProjectQueue,26,Deliverable,exit,366977.61775649,2020-09-11 20:17:37.065389,,1,0,0.0
103,ProjectQueue,26,Deliverable,entry,366977.61775649,2020-09-11 20:17:37.065389,,0,1,
104,ProjectQueue,26,Deliverable,exit,366977.61775649,2020-09-11 20:17:37.065389,,1,0,0.0
105,ProjectQueue,27,Deliverable,entry,370391.09772503254,2020-09-14 05:11:05.863502,,0,1,
106,ProjectQueue,27,Deliverable,exit,370391.09772503254,2020-09-14 05:11:05.863502,,1,0,0.0
107,ProjectQueue,27,Deliverable,entry,370391.09772503254,2020-09-14 05:11:05.863502,,0,1,
108,ProjectQueue,27,Deliverable,exit,370391.09772503254,2020-09-14 05:11:05.863502,,1,0,0.0
109,ProjectQueue,28,Deliverable,entry,405256.84589610796,2020-10-08 10:16:50.753766,,0,1,
110,ProjectQueue,28,Deliverable,exit,405256.84589610796,2020-10-08 10:16:50.753766,,1,0,0.0
111,ProjectQueue,28,Deliverable,entry,405256.84589610796,2020-10-08 10:16:50.753766,,0,1,
112,ProjectQueue,28,Deliverable,exit,405256.84589610796,2020-10-08 10:16:50.753766,,1,0,0.0
113,ProjectQueue,29,Deliverable,entry,419392.07219666394,2020-10-18 05:52:04.331800,,0,1,
114,ProjectQueue,29,Deliverable,exit,419392.07219666394,2020-10-18 05:52:04.331800,,1,0,0.0
115,ProjectQueue,29,Deliverable,entry,419392.07219666394,2020-10-18 05:52:04.331800,,0,1,
116,ProjectQueue,29,Deliverable,exit,419392.07219666394,2020-10-18 05:52:04.331800,,1,0,0.0
117,ProjectQueue,30,Deliverable,entry,458593.8782855185,2020-11-14 11:13:52.697131,,0,1,
118,ProjectQueue,30,Deliverable,exit,458593.8782855185,2020-11-14 11:13:52.697131,,1,0,0.0
119,ProjectQueue,30,Deliverable,entry,458593.8782855185,2020-11-14 11:13:52.697131,,0,1,
120,ProjectQueue,30,Deliverable,exit,458593.8782855185,2020-11-14 11:13:52.697131,,1,0,0.0
121,ProjectQueue,31,Deliverable,entry,502567.64099027595,2020-12-15 00:07:38.459417,,0,1,
122,ProjectQueue,31,Deliverable,exit,502567.64099027595,2020-12-15 00:07:38.459417,,1,0,0.0
123,ProjectQueue,31,Deliverable,entry,502567.64099027595,2020-12-15 00:07:38.459417,,0,1,
124,ProjectQueue,31,Deliverable,exit,502567.64099027595,2020-12-15 00:07:38.459417,,1,0,0.0
125,ProjectQueue,32,Deliverable,entry,546324.1367517503,2021-01-14 09:24:08.205105,,0,1,
126,ProjectQueue,32,Deliverable,exit,546324.1367517503,2021-01-14 09:24:08.205105,,1,0,0.0
127,ProjectQueue,32,Deliverable,entry,546324.1367517503,2021-01-14 09:24:08.205105,,0,1,
128,ProjectQueue,32,Deliverable,exit,546324.1367517503,2021-01-14 09:24:08.205105,,1,0,0.0
129,ProjectQueue,33,Deliverable,entry,562076.0607867464,2021-01-25 07:56:03.647205,,0,1,
130,ProjectQueue,33,Deliverable,exit,562076.0607867464,2021-01-25 07:56:03.647205,,1,0,0.0
131,ProjectQueue,33,Deliverable,entry,562076.0607867464,2021-01-25 07:56:03.647205,,0,1,
132,ProjectQueue,33,Deliverable,exit,562076.0607867464,2021-01-25 07:56:03.647205,,1,0,0.0
133,ProjectQueue,34,Deliverable,entry,597096.2095888547,2021-02-18 15:36:12.575331,,0,1,
134,ProjectQueue,34,Deliverable,exit,597096.2095888547,2021-02-18 15:36:12.575331,,1,0,0.0
135,ProjectQueue,34,Deliverable,entry,597096.2095888547,2021-02-18 15:36:12.575331,,0,1,
136,ProjectQueue,34,Deliverable,exit,597096.2095888547,2021-02-18 15:36:12.575331,,1,0,0.0
137,ProjectQueue,35,Deliverable,entry,603553.8643863425,2021-02-23 03:13:51.863181,,0,1,
138,ProjectQueue,35,Deliverable,exit,603553.8643863425,2021-02-23 03:13:51.863181,,1,0,0.0
139,ProjectQueue,35,Deliverable,entry,603553.8643863425,2021-02-23 03:13:51.863181,,0,1,
140,ProjectQueue,35,Deliverable,exit,603553.8643863425,2021-02-23 03:13:51.863181,,1,0,0.0
141,ProjectQueue,36,Deliverable,entry,615590.2425320195,2021-03-03 11:50:14.551921,,0,1,
142,ProjectQueue,36,Deliverable,exit,615590.2425320195,2021-03-03 11:50:14.551921,,1,0,0.0
143,ProjectQueue,36,Deliverable,entry,615590.2425320195,2021-03-03 11:50:14.551921,,0,1,
144,ProjectQueue,36,Deliverable,exit,615590.2425320195,2021-03-03 11:50:14.551921,,1,0,0.0
145,ProjectQueue,37,Deliverable,entry,619602.9137515874,2021-03-06 06:42:54.825095,,0,1,
146,ProjectQueue,37,Deliverable,exit,619602.9137515874,2021-03-06 06:42:54.825095,,1,0,0.0
147,ProjectQueue,37,Deliverable,entry,619602.9137515874,2021-03-06 06:42:54.825095,,0,1,
148,ProjectQueue,37,Deliverable,exit,619602.9137515874,2021-03-06 06:42:54.825095,,1,0,0.0
149,ProjectQueue,38,Deliverable,entry,626315.5903879958,2021-03-10 22:35:35.423280,,0,1,
150,ProjectQueue,38,Deliverable,exit,626315.5903879958,2021-03-10 22:35:35.423280,,1,0,0.0
151,ProjectQueue,38,Deliverable,entry,626315.5903879958,2021-03-10 22:35:35.423280,,0,1,
152,ProjectQueue,38,Deliverable,exit,626315.5903879958,2021-03-10 22:35:35.423280,,1,0,0.0
153,ProjectQueue,39,Deliverable,entry,629750.5518986296,2021-03-13 07:50:33.113918,,0,1,
154,ProjectQueue,39,Deliverable,exit,629750.5518986296,2021-03-13 07:50:33.113918,,1,0,0.0
155,ProjectQueue,39,Deliverable,entry,629750.5518986296,2021-03-13 07:50:33.113918,,0,1,
156,ProjectQueue,39,Deliverable,exit,629750.5518986296,2021-03-13 07:50:33.113918,,1,0,0.0
157,ProjectQueue,40,Deliverable,entry,648789.6109975693,2021-03-26 13:09:36.659854,,0,1,
158,ProjectQueue,40,Deliverable,exit,648789.6109975693,2021-03-26 13:09:36.659854,,1,0,0.0
159,ProjectQueue,40,Deliverable,entry,648789.6109975693,2021-03-26 13:09:36.659854,,0,1,
160,ProjectQueue,40,Deliverable,exit,648789.6109975693,2021-03-26 13:09:36.659854,,1,0,0.0
161,ProjectQueue,41,Deliverable,entry,657412.6304728591,2021-04-01 12:52:37.828372,,0,1,
162,ProjectQueue,41,Deliverable,exit,657412.6304728591,2021-04-01 12:52:37.828372,,1,0,0.0
163,ProjectQueue,41,Deliverable,entry,657412.6304728591,2021-04-01 12:52:37.828372,,0,1,
164,ProjectQueue,41,Deliverable,exit,657412.6304728591,2021-04-01 12:52:37.828372,,1,0,0.0
165,ProjectQueue,42,Deliverable,entry,658841.4826858314,2021-04-02 12:41:28.961150,,0,1,
166,ProjectQueue,42,Deliverable,exit,658841.4826858314,2021-04-02 12:41:28.961150,,1,0,0.0
167,ProjectQueue,42,Deliverable,entry,658841.4826858314,2021-04-02 12:41:28.961150,,0,1,
168,ProjectQueue,42,Deliverable,exit,658841.4826858314,2021-04-02 12:41:28.961150,,1,0,0.0
169,ProjectQueue,43,Deliverable,entry,664491.8935191927,2021-04-06 10:51:53.611152,,0,1,
170,ProjectQueue,43,Deliverable,exit,664491.8935191927,2021-04-06 10:51:53.611152,,1,0,0.0
171,ProjectQueue,43,Deliverable,entry,664491.8935191927,2021-04-06 10:51:53.611152,,0,1,
172,ProjectQueue,43,Deliverable,exit,664491.8935191927,2021-04-06 10:51:53.611152,,1,0,0.0
173,ProjectQueue,44,Deliverable,entry,675502.765138971,2021-04-14 02:22:45.908338,,0,1,
174,ProjectQueue,44,Deliverable,exit,675502.765138971,2021-04-14 02:22:45.908338,,1,0,0.0
175,ProjectQueue,44,Deliverable,entry,675502.765138971,2021-04-14 02:22:45.908338,,0,1,
176,ProjectQueue,44,Deliverable,exit,675502.765138971,2021-04-14 02:22:45.908338,,1,0,0.0
177,ProjectQueue,45,Deliverable,entry,678853.0956796086,2021-04-16 10:13:05.740777,,0,1,
178,ProjectQueue,45,Deliverable,exit,678853.0956796086,2021-04-16 10:13:05.740777,,1,0,0.0
179,ProjectQueue,45,Deliverable,entry,678853.0956796086,2021-04-16 10:13:05.740777,,0,1,
180,ProjectQueue,45,Deliverable,exit,678853.0956796086,2021-04-16 10:13:05.740777,,1,0,0.0
181,ProjectQueue,46,Deliverable,entry,680757.4865857004,2021-04-17 17:57:29.195142,,0,1,
182,ProjectQueue,46,Deliverable,exit,680757.4865857004,2021-04-17 17:57:29.195142,,1,0,0.0
183,ProjectQueue,46,Deliverable,entry,680757.4865857004,2021-04-17 17:57:29.195142,,0,1,
184,ProjectQueue,46,Deliverable,exit,680757.4865857004,2021-04-17 17:57:29.195142,,1,0,0.0
185,ProjectQueue,47,Deliverable,entry,692237.3249435942,2021-04-25 17:17:19.496616,,0,1,
186,ProjectQueue,47,Deliverable,exit,692237.3249435942,2021-04-25 17:17:19.496616,,1,0,0.0
187,ProjectQueue,47,Deliverable,entry,692237.3249435942,2021-04-25 17:17:19.496616,,0,1,
188,ProjectQueue,47,Deliverable,exit,692237.3249435942,2021-04-25 17:17:19.496616,,1,0,0.0
189,ProjectQueue,48,Deliverable,entry,697133.6055686562,2021-04-29 02:53:36.334119,,0,1,
190,ProjectQueue,48,Deliverable,exit,697133.6055686562,2021-04-29 02:53:36.334119,,1,0,0.0
191,ProjectQueue,48,Deliverable,entry,697133.6055686562,2021-04-29 02:53:36.334119,,0,1,
192,ProjectQueue,48,Deliverable,exit,697133.6055686562,2021-04-29 02:53:36.334119,,1,0,0.0
193,ProjectQueue,49,Deliverable,entry,708566.245060946,2021-05-07 01:26:14.703657,,0,1,
194,ProjectQueue,49,Deliverable,exit,708566.245060946,2021-05-07 01:26:14.703657,,1,0,0.0
195,ProjectQueue,49,Deliverable,entry,708566.245060946,2021-05-07 01:26:14.703657,,0,1,
196,ProjectQueue,49,Deliverable,exit,708566.245060946,2021-05-07 01:26:14.703657,,1,0,0.0
197,ProjectQueue,50,Deliverable,entry,709754.9208556955,2021-05-07 21:14:55.251342,,0,1,
198,ProjectQueue,50,Deliverable,exit,709754.9208556955,2021-05-07 21:14:55.251342,,1,0,0.0
199,ProjectQueue,50,Deliverable,entry,709754.9208556955,2021-05-07 21:14:55.251342,,0,1,
200,ProjectQueue,50,Deliverable,exit,709754.9208556955,2021-05-07 21:14:55.251342,,1,0,0.0
201,ProjectQueue,51,Deliverable,entry,713084.9249975132,2021-05-10 04:44:55.499851,,0,1,
202,ProjectQueue,51,Deliverable,exit,713084.9249975132,2021-05-10 04:44:55.499851,,1,0,0.0
203,ProjectQueue,51,Deliverable,entry,713084.9249975132,2021-05-10 04:44:55.499851,,0,1,
204,ProjectQueue,51,Deliverable,exit,713084.9249975132,2021-05-10 04:44:55.499851,,1,0,0.0
205,ProjectQueue,52,Deliverable,entry,717968.3885477155,2021-05-13 14:08:23.312863,,0,1,
206,ProjectQueue,52,Deliverable,exit,717968.3885477155,2021-05-13 14:08:23.312863,,1,0,0.0
207,ProjectQueue,52,Deliverable,entry,717968.3885477155,2021-05-13 14:08:23.312863,,0,1,
208,ProjectQueue,52,Deliverable,exit,717968.3885477155,2021-05-13 14:08:23.312863,,1,0,0.0
209,ProjectQueue,53,Deliverable,entry,728635.5538941097,2021-05-20 23:55:33.233647,,0,1,
210,ProjectQueue,53,Deliverable,exit,728635.5538941097,2021-05-20 23:55:33.233647,,1,0,0.0
211,ProjectQueue,53,Deliverable,entry,728635.5538941097,2021-05-20 23:55:33.233647,,0,1,
212,ProjectQueue,53,Deliverable,exit,728635.5538941097,2021-05-20 23:55:33.233647,,1,0,0.0
213,ProjectQueue,54,Deliverable,entry,742109.3036752212,2021-05-30 08:29:18.220513,,0,1,
214,ProjectQueue,54,Deliverable,exit,742109.3036752212,2021-05-30 08:29:18.220513,,1,0,0.0
215,ProjectQueue,54,Deliverable,entry,742109.3036752212,2021-05-30 08:29:18.220513,,0,1,
216,ProjectQueue,54,Deliverable,exit,742109.3036752212,2021-05-30 08:29:18.220513,,1,0,0.0
217,ProjectQueue,55,Deliverable,entry,748922.9784103971,2021-06-04 02:02:58.704624,,0,1,
218,ProjectQueue,55,Deliverable,exit,748922.9784103971,2021-06-04 02:02:58.704624,,1,0,0.0
219,ProjectQueue,55,Deliverable,entry,748922.9784103971,2021-06-04 02:02:58.704624,,0,1,
220,ProjectQueue,55,Deliverable,exit,748922.9784103971,2021-06-04 02:02:58.704624,,1,0,0.0
221,ProjectQueue,56,Deliverable,entry,760474.3478005035,2021-06-12 02:34:20.868030,,0,1,
222,ProjectQueue,56,Deliverable,exit,760474.3478005035,2021-06-12 02:34:20.868030,,1,0,0.0
223,ProjectQueue,56,Deliverable,entry,760474.3478005035,2021-06-12 02:34:20.868030,,0,1,
224,ProjectQueue,56,Deliverable,exit,760474.3478005035,2021-06-12 02:34:20.868030,,1,0,0.0
225,ProjectQueue,57,Deliverable,entry,763047.6284912995,2021-06-13 21:27:37.709478,,0,1,
226,ProjectQueue,57,Deliverable,exit,763047.6284912995,2021-06-13 21:27:37.709478,,1,0,0.0
227,ProjectQueue,57,Deliverable,entry,763047.6284912995,2021-06-13 21:27:37.709478,,0,1,
228,ProjectQueue,57,Deliverable,exit,763047.6284912995,2021-06-13 21:27:37.709478,,1,0,0.0
229,ProjectQueue,58,Deliverable,entry,808998.0959943894,2021-07-15 19:18:05.759663,,0,1,
230,ProjectQueue,58,Deliverable,exit,808998.0959943894,2021-07-15 19:18:05.759663,,1,0,0.0
231,ProjectQueue,58,Deliverable,entry,808998.0959943894,2021-07-15 19:18:05.759663,,0,1,
232,ProjectQueue,58,Deliverable,exit,808998.0959943894,2021-07-15 19:18:05.759663,,1,0,0.0
233,ProjectQueue,59,Deliverable,entry,815147.8409544757,2021-07-20 01:47:50.457269,,0,1,
234,ProjectQueue,59,Deliverable,exit,815147.8409544757,2021-07-20 01:47:50.457269,,1,0,0.0
235,ProjectQueue,59,Deliverable,entry,815147.8409544757,2021-07-20 01:47:50.457269,,0,1,
236,ProjectQueue,59,Deliverable,exit,815147.8409544757,2021-07-20 01:47:50.457269,,1,0,0.0
237,ProjectQueue,60,Deliverable,entry,821254.2377664973,2021-07-24 07:34:14.265990,,0,1,
238,ProjectQueue,60,Deliverable,exit,821254.2377664973,2021-07-24 07:34:14.265990,,1,0,0.0
239,ProjectQueue,60,Deliverable,entry,821254.2377664973,2021-07-24 07:34:14.265990,,0,1,
240,ProjectQueue,60,Deliverable,exit,821254.2377664973,2021-07-24 07:34:14.265990,,1,0,0.0
241,ProjectQueue,61,Deliverable,entry,867359.8247152502,2021-08-25 07:59:49.482915,,0,1,
242,ProjectQueue,61,Deliverable,exit,867359.8247152502,2021-08-25 07:59:49.482915,,1,0,0.0
243,ProjectQueue,61,Deliverable,entry,867359.8247152502,2021-08-25 07:59:49.482915,,0,1,
244,ProjectQueue,61,Deliverable,exit,867359.8247152502,2021-08-25 07:59:49.482915,,1,0,0.0
245,ProjectQueue,62,Deliverable,entry,869534.2823744401,2021-08-26 20:14:16.942466,,0,1,
246,ProjectQueue,62,Deliverable,exit,869534.2823744401,2021-08-26 20:14:16.942466,,1,0,0.0
247,ProjectQueue,62,Deliverable,entry,869534.2823744401,2021-08-26 20:14:16.942466,,0,1,
248,ProjectQueue,62,Deliverable,exit,869534.2823744401,2021-08-26 20:14:16.942466,,1,0,0.0
249,ProjectQueue,63,Deliverable,entry,903643.9806046024,2021-09-19 12:43:58.836276,,0,1,
250,ProjectQueue,63,Deliverable,exit,903643.9806046024,2021-09-19 12:43:58.836276,,1,0,0.0
251,ProjectQueue,63,Deliverable,entry,903643.9806046024,2021-09-19 12:43:58.836276,,0,1,
252,ProjectQueue,63,Deliverable,exit,903643.9806046024,2021-09-19 12:43:58.836276,,1,0,0.0
253,ProjectQueue,64,Deliverable,entry,927448.8907918176,2021-10-06 01:28:53.447509,,0,1,
254,ProjectQueue,64,Deliverable,exit,927448.8907918176,2021-10-06 01:28:53.447509,,1,0,0.0
255,ProjectQueue,64,Deliverable,entry,927448.8907918176,2021-10-06 01:28:53.447509,,0,1,
256,ProjectQueue,64,Deliverable,exit,927448.8907918176,2021-10-06 01:28:53.447509,,1,0,0.0
257,ProjectQueue,65,Deliverable,entry,928516.0782655651,2021-10-06 19:16:04.695934,,0,1,
258,ProjectQueue,65,Deliverable,exit,928516.0782655651,2021-10-06 19:16:04.695934,,1,0,0.0
259,ProjectQueue,65,Deliverable,entry,928516.0782655651,2021-10-06 19:16:04.695934,,0,1,
260,ProjectQueue,65,Deliverable,exit,928516.0782655651,2021-10-06 19:16:04.695934,,1,0,0.0
261,ProjectQueue,66,Deliverable,entry,943143.9916628152,2021-10-16 23:03:59.499769,,0,1,
262,ProjectQueue,66,Deliverable,exit,943143.9916628152,2021-10-16 23:03:59.499769,,1,0,0.0
263,ProjectQueue,66,Deliverable,entry,943143.9916628152,2021-10-16 23:03:59.499769,,0,1,
264,ProjectQueue,66,Deliverable,exit,943143.9916628152,2021-10-16 23:03:59.499769,,1,0,0.0
265,ProjectQueue,67,Deliverable,entry,950344.0322732405,2021-10-21 23:04:01.936394,,0,1,
266,ProjectQueue,67,Deliverable,exit,950344.0322732405,2021-10-21 23:04:01.936394,,1,0,0.0
267,ProjectQueue,67,Deliverable,entry,950344.0322732405,2021-10-21 23:04:01.936394,,0,1,
268,ProjectQueue,67,Deliverable,exit,950344.0322732405,2021-10-21 23:04:01.936394,,1,0,0.0
269,ProjectQueue,68,Deliverable,entry,954528.8403915791,2021-10-24 20:48:50.423495,,0,1,
270,ProjectQueue,68,Deliverable,exit,954528.8403915791,2021-10-24 20:48:50.423495,,1,0,0.0
271,ProjectQueue,68,Deliverable,entry,954528.8403915791,2021-10-24 20:48:50.423495,,0,1,
272,ProjectQueue,68,Deliverable,exit,954528.8403915791,2021-10-24 20:48:50.423495,,1,0,0.0
273,ProjectQueue,69,Deliverable,entry,964111.4781025858,2021-10-31 12:31:28.686155,,0,1,
274,ProjectQueue,69,Deliverable,exit,964111.4781025858,2021-10-31 12:31:28.686155,,1,0,0.0
275,ProjectQueue,69,Deliverable,entry,964111.4781025858,2021-10-31 12:31:28.686155,,0,1,
276,ProjectQueue,69,Deliverable,exit,964111.4781025858,2021-10-31 12:31:28.686155,,1,0,0.0
277,ProjectQueue,70,Deliverable,entry,978111.5423563969,2021-11-10 05:51:32.541384,,0,1,
278,ProjectQueue,70,Deliverable,exit,978111.5423563969,2021-11-10 05:51:32.541384,,1,0,0.0
279,ProjectQueue,70,Deliverable,entry,978111.5423563969,2021-11-10 05:51:32.541384,,0,1,
280,ProjectQueue,70,Deliverable,exit,978111.5423563969,2021-11-10 05:51:32.541384,,1,0,0.0
281,ProjectQueue,71,Deliverable,entry,992013.7329184521,2021-11-19 21:33:43.975107,,0,1,
282,ProjectQueue,71,Deliverable,exit,992013.7329184521,2021-11-19 21:33:43.975107,,1,0,0.0
283,ProjectQueue,71,Deliverable,entry,992013.7329184521,2021-11-19 21:33:43.975107,,0,1,
284,ProjectQueue,71,Deliverable,exit,992013.7329184521,2021-11-19 21:33:43.975107,,1,0,0.0
285,ProjectQueue,72,Deliverable,entry,992118.0836400595,2021-11-19 23:18:05.018404,,0,1,
286,ProjectQueue,72,Deliverable,exit,992118.0836400595,2021-11-19 23:18:05.018404,,1,0,0.0
287,ProjectQueue,72,Deliverable,entry,992118.0836400595,2021-11-19 23:18:05.018404,,0,1,
288,ProjectQueue,72,Deliverable,exit,992118.0836400595,2021-11-19 23:18:05.018404,,1,0,0.0
289,ProjectQueue,73,Deliverable,entry,1007022.8356436994,2021-11-30 07:42:50.138622,,0,1,
290,ProjectQueue,73,Deliverable,exit,1007022.8356436994,2021-11-30 07:42:50.138622,,1,0,0.0
291,ProjectQueue,73,Deliverable,entry,1007022.8356436994,2021-11-30 07:42:50.138622,,0,1,
292,ProjectQueue,73,Deliverable,exit,1007022.8356436994,2021-11-30 07:42:50.138622,,1,0,0.0
293,ProjectQueue,74,Deliverable,entry,1015111.7021423439,2021-12-05 22:31:42.128541,,0,1,
294,ProjectQueue,74,Deliverable,exit,1015111.7021423439,2021-12-05 22:31:42.128541,,1,0,0.0
295,ProjectQueue,74,Deliverable,entry,1015111.7021423439,2021-12-05 22:31:42.128541,,0,1,
296,ProjectQueue,74,Deliverable,exit,1015111.7021423439,2021-12-05 22:31:42.128541,,1,0,0.0
297,ProjectQueue,75,Deliverable,entry,1017776.1361247608,2021-12-07 18:56:08.167486,,0,1,
298,ProjectQueue,75,Deliverable,exit,1017776.1361247608,2021-12-07 18:56:08.167486,,1,0,0.0
299,ProjectQueue,75,Deliverable,entry,1017776.1361247608,2021-12-07 18:56:08.167486,,0,1,
300,ProjectQueue,75,Deliverable,exit,1017776.1361247608,2021-12-07 18:56:08.167486,,1,0,0.0
301,ProjectQueue,76,Deliverable,entry,1025558.4036112475,2021-12-13 04:38:24.216675,,0,1,
302,ProjectQueue,76,Deliverable,exit,1025558.4036112475,2021-12-13 04:38:24.216675,,1,0,0.0
303,ProjectQueue,76,Deliverable,entry,1025558.4036112475,2021-12-13 04:38:24.216675,,0,1,
304,ProjectQueue,76,Deliverable,exit,1025558.4036112475,2021-12-13 04:38:24.216675,,1,0,0.0
305,ProjectQueue,77,Deliverable,entry,1028675.1235464476,2021-12-15 08:35:07.412787,,0,1,
306,ProjectQueue,77,Deliverable,exit,1028675.1235464476,2021-12-15 08:35:07.412787,,1,0,0.0
307,ProjectQueue,77,Deliverable,entry,1028675.1235464476,2021-12-15 08:35:07.412787,,0,1,
308,ProjectQueue,77,Deliverable,exit,1028675.1235464476,2021-12-15 08:35:07.412787,,1,0,0.0
309,ProjectQueue,78,Deliverable,entry,1030196.8206401567,2021-12-16 09:56:49.238409,,0,1,
310,ProjectQueue,78,Deliverable,exit,1030196.8206401567,2021-12-16 09:56:49.238409,,1,0,0.0
311,ProjectQueue,78,Deliverable,entry,1030196.8206401567,2021-12-16 09:56:49.238409,,0,1,
312,ProjectQueue,78,Deliverable,exit,1030196.8206401567,2021-12-16 09:56:49.238409,,1,0,0.0
313,ProjectQueue,79,Deliverable,entry,1034198.4474752871,2021-12-19 04:38:26.848517,,0,1,
314,ProjectQueue,79,Deliverable,exit,1034198.4474752871,2021-12-19 04:38:26.848517,,1,0,0.0
315,ProjectQueue,79,Deliverable,entry,1034198.4474752871,2021-12-19 04:38:26.848517,,0,1,
316,ProjectQueue,79,Deliverable,exit,1034198.4474752871,2021-12-19 04:38:26.848517,,1,0,0.0
317,ProjectQueue,80,Deliverable,entry,1045725.3575330786,2021-12-27 04:45:21.451985,,0,1,
318,ProjectQueue,80,Deliverable,exit,1045725.3575330786,2021-12-27 04:45:21.451985,,1,0,0.0
319,ProjectQueue,80,Deliverable,entry,1045725.3575330786,2021-12-27 04:45:21.451985,,0,1,
320,ProjectQueue,80,Deliverable,exit,1045725.3575330786,2021-12-27 04:45:21.451985,,1,0,0.0
321,ProjectQueue,81,Deliverable,entry,1048303.4012877698,2021-12-28 23:43:24.077266,,0,1,
322,ProjectQueue,81,Deliverable,exit,1048303.4012877698,2021-12-28 23:43:24.077266,,1,0,0.0
323,ProjectQueue,81,Deliverable,entry,1048303.4012877698,2021-12-28 23:43:24.077266,,0,1,
324,ProjectQueue,81,Deliverable,exit,1048303.4012877698,2021-12-28 23:43:24.077266,,1,0,0.0
325,ProjectQueue,82,Deliverable,entry,1048727.577568383,2021-12-29 06:47:34.654103,,0,1,
326,ProjectQueue,82,Deliverable,exit,1048727.577568383,2021-12-29 06:47:34.654103,,1,0,0.0
327,ProjectQueue,82,Deliverable,entry,1048727.577568383,2021-12-29 06:47:34.654103,,0,1,
328,ProjectQueue,82,Deliverable,exit,1048727.577568383,2021-12-29 06:47:34.654103,,1,0,0.0
329,ProjectQueue,83,Deliverable,entry,1051334.2539452456,2021-12-31 02:14:15.236715,,0,1,
330,ProjectQueue,83,Deliverable,exit,1051334.2539452456,2021-12-31 02:14:15.236715,,1,0,0.0
331,ProjectQueue,83,Deliverable,entry,1051334.2539452456,2021-12-31 02:14:15.236715,,0,1,
332,ProjectQueue,83,Deliverable,exit,1051334.2539452456,2021-12-31 02:14:15.236715,,1,0,0.0
333,ProjectQueue,84,Deliverable,entry,1072774.901164912,2022-01-14 23:34:54.069895,,0,1,
334,ProjectQueue,84,Deliverable,exit,1072774.901164912,2022-01-14 23:34:54.069895,,1,0,0.0
335,ProjectQueue,84,Deliverable,entry,1072774.901164912,2022-01-14 23:34:54.069895,,0,1,
336,ProjectQueue,84,Deliverable,exit,1072774.901164912,2022-01-14 23:34:54.069895,,1,0,0.0
337,ProjectQueue,85,Deliverable,entry,1077140.7455936559,2022-01-18 00:20:44.735619,,0,1,
338,ProjectQueue,85,Deliverable,exit,1077140.7455936559,2022-01-18 00:20:44.735619,,1,0,0.0
339,ProjectQueue,85,Deliverable,entry,1077140.7455936559,2022-01-18 00:20:44.735619,,0,1,
340,ProjectQueue,85,Deliverable,exit,1077140.7455936559,2022-01-18 00:20:44.735619,,1,0,0.0
341,ProjectQueue,86,Deliverable,entry,1078269.5318975062,2022-01-18 19:09:31.913850,,0,1,
342,ProjectQueue,86,Deliverable,exit,1078269.5318975062,2022-01-18 19:09:31.913850,,1,0,0.0
343,ProjectQueue,86,Deliverable,entry,1078269.5318975062,2022-01-18 19:09:31.913850,,0,1,
344,ProjectQueue,86,Deliverable,exit,1078269.5318975062,2022-01-18 19:09:31.913850,,1,0,0.0
345,ProjectQueue,87,Deliverable,entry,1082100.56436204,2022-01-21 11:00:33.861722,,0,1,
346,ProjectQueue,87,Deliverable,exit,1082100.56436204,2022-01-21 11:00:33.861722,,1,0,0.0
347,ProjectQueue,87,Deliverable,entry,1082100.56436204,2022-01-21 11:00:33.861722,,0,1,
348,ProjectQueue,87,Deliverable,exit,1082100.56436204,2022-01-21 11:00:33.861722,,1,0,0.0
349,ProjectQueue,88,Deliverable,entry,1082247.462796178,2022-01-21 13:27:27.767771,,0,1,
350,ProjectQueue,88,Deliverable,exit,1082247.462796178,2022-01-21 13:27:27.767771,,1,0,0.0
351,ProjectQueue,88,Deliverable,entry,1082247.462796178,2022-01-21 13:27:27.767771,,0,1,
352,ProjectQueue,88,Deliverable,exit,1082247.462796178,2022-01-21 13:27:27.767771,,1,0,0.0
353,ProjectQueue,89,Deliverable,entry,1094937.7270551287,2022-01-30 08:57:43.623308,,0,1,
354,ProjectQueue,89,Deliverable,exit,1094937.7270551287,2022-01-30 08:57:43.623308,,1,0,0.0
355,ProjectQueue,89,Deliverable,entry,1094937.7270551287,2022-01-30 08:57:43.623308,,0,1,
356,ProjectQueue,89,Deliverable,exit,1094937.7270551287,2022-01-30 08:57:43.623308,,1,0,0.0
357,ProjectQueue,90,Deliverable,entry,1106888.1609390492,2022-02-07 16:08:09.656343,,0,1,
358,ProjectQueue,90,Deliverable,exit,1106888.1609390492,2022-02-07 16:08:09.656343,,1,0,0.0
359,ProjectQueue,90,Deliverable,entry,1106888.1609390492,2022-02-07 16:08:09.656343,,0,1,
360,ProjectQueue,90,Deliverable,exit,1106888.1609390492,2022-02-07 16:08:09.656343,,1,0,0.0
361,ProjectQueue,91,Deliverable,entry,1107321.3954454628,2022-02-07 23:21:23.726728,,0,1,
362,ProjectQueue,91,Deliverable,exit,1107321.3954454628,2022-02-07 23:21:23.726728,,1,0,0.0
363,ProjectQueue,91,Deliverable,entry,1107321.3954454628,2022-02-07 23:21:23.726728,,0,1,
364,ProjectQueue,91,Deliverable,exit,1107321.3954454628,2022-02-07 23:21:23.726728,,1,0,0.0
365,ProjectQueue,92,Deliverable,entry,1118630.1832645615,2022-02-15 19:50:10.995874,,0,1,
366,ProjectQueue,92,Deliverable,exit,1118630.1832645615,2022-02-15 19:50:10.995874,,1,0,0.0
367,ProjectQueue,92,Deliverable,entry,1118630.1832645615,2022-02-15 19:50:10.995874,,0,1,
368,ProjectQueue,92,Deliverable,exit,1118630.1832645615,2022-02-15 19:50:10.995874,,1,0,0.0
369,ProjectQueue,93,Deliverable,entry,1119807.3199008314,2022-02-16 15:27:19.194050,,0,1,
370,ProjectQueue,93,Deliverable,exit,1119807.3199008314,2022-02-16 15:27:19.194050,,1,0,0.0
371,ProjectQueue,93,Deliverable,entry,1119807.3199008314,2022-02-16 15:27:19.194050,,0,1,
372,ProjectQueue,93,Deliverable,exit,1119807.3199008314,2022-02-16 15:27:19.194050,,1,0,0.0
373,ProjectQueue,94,Deliverable,entry,1139819.2787646877,2022-03-02 12:59:16.725881,,0,1,
374,ProjectQueue,94,Deliverable,exit,1139819.2787646877,2022-03-02 12:59:16.725881,,1,0,0.0
375,ProjectQueue,94,Deliverable,entry,1139819.2787646877,2022-03-02 12:59:16.725881,,0,1,
376,ProjectQueue,94,Deliverable,exit,1139819.2787646877,2022-03-02 12:59:16.725881,,1,0,0.0
377,ProjectQueue,95,Deliverable,entry,1146896.8135724878,2022-03-07 10:56:48.814349,,0,1,
378,ProjectQueue,95,Deliverable,exit,1146896.8135724878,2022-03-07 10:56:48.814349,,1,0,0.0
379,ProjectQueue,95,Deliverable,entry,1146896.8135724878,2022-03-07 10:56:48.814349,,0,1,
380,ProjectQueue,95,Deliverable,exit,1146896.8135724878,2022-03-07 10:56:48.814349,,1,0,0.0
381,ProjectQueue,96,Deliverable,entry,1164134.95232625,2022-03-19 10:14:57.139575,,0,1,
382,ProjectQueue,96,Deliverable,exit,1164134.95232625,2022-03-19 10:14:57.139575,,1,0,0.0
383,ProjectQueue,96,Deliverable,entry,1164134.95232625,2022-03-19 10:14:57.139575,,0,1,
384,ProjectQueue,96,Deliverable,exit,1164134.95232625,2022-03-19 10:14:57.139575,,1,0,0.0
385,ProjectQueue,97,Deliverable,entry,1166222.563304315,2022-03-20 21:02:33.798259,,0,1,
386,ProjectQueue,97,Deliverable,exit,1166222.563304315,2022-03-20 21:02:33.798259,,1,0,0.0
387,ProjectQueue,97,Deliverable,entry,1166222.563304315,2022-03-20 21:02:33.798259,,0,1,
388,ProjectQueue,97,Deliverable,exit,1166222.563304315,2022-03-20 21:02:33.798259,,1,0,0.0
389,ProjectQueue,98,Deliverable,entry,1166532.1209775575,2022-03-21 02:12:07.258653,,0,1,
390,ProjectQueue,98,Deliverable,exit,1166532.1209775575,2022-03-21 02:12:07.258653,,1,0,0.0
391,ProjectQueue,98,Deliverable,entry,1166532.1209775575,2022-03-21 02:12:07.258653,,0,1,
392,ProjectQueue,98,Deliverable,exit,1166532.1209775575,2022-03-21 02:12:07.258653,,1,0,0.0
393,ProjectQueue,99,Deliverable,entry,1191169.0256318725,2022-04-07 04:49:01.537912,,0,1,
394,ProjectQueue,99,Deliverable,exit,1191169.0256318725,2022-04-07 04:49:01.537912,,1,0,0.0
395,ProjectQueue,99,Deliverable,entry,1191169.0256318725,2022-04-07 04:49:01.537912,,0,1,
396,ProjectQueue,99,Deliverable,exit,1191169.0256318725,2022-04-07 04:49:01.537912,,1,0,0.0
397,ProjectQueue,100,Deliverable,entry,1197602.3006938228,2022-04-11 16:02:18.041629,,0,1,
398,ProjectQueue,100,Deliverable,exit,1197602.3006938228,2022-04-11 16:02:18.041629,,1,0,0.0
399,ProjectQueue,100,Deliverable,entry,1197602.3006938228,2022-04-11 16:02:18.041629,,0,1,
400,ProjectQueue,100,Deliverable,exit,1197602.3006938228,2022-04-11 16:02:18.041629,,1,0,0.0
401,ProjectQueue,101,Deliverable,entry,1200281.8603322979,2022-04-13 12:41:51.619938,,0,1,
402,ProjectQueue,101,Deliverable,exit,1200281.8603322979,2022-04-13 12:41:51.619938,,1,0,0.0
403,ProjectQueue,101,Deliverable,entry,1200281.8603322979,2022-04-13 12:41:51.619938,,0,1,
404,ProjectQueue,101,Deliverable,exit,1200281.8603322979,2022-04-13 12:41:51.619938,,1,0,0.0
405,ProjectQueue,102,Deliverable,entry,1205785.11010287,2022-04-17 08:25:06.606172,,0,1,
406,ProjectQueue,102,Deliverable,exit,1205785.11010287,2022-04-17 08:25:06.606172,,1,0,0.0
407,ProjectQueue,102,Deliverable,entry,1205785.11010287,2022-04-17 08:25:06.606172,,0,1,
408,ProjectQueue,102,Deliverable,exit,1205785.11010287,2022-04-17 08:25:06.606172,,1,0,0.0
409,ProjectQueue,103,Deliverable,entry,1207425.6432502256,2022-04-18 11:45:38.595014,,0,1,
410,ProjectQueue,103,Deliverable,exit,1207425.6432502256,2022-04-18 11:45:38.595014,,1,0,0.0
411,ProjectQueue,103,Deliverable,entry,1207425.6432502256,2022-04-18 11:45:38.595014,,0,1,
412,ProjectQueue,103,Deliverable,exit,1207425.6432502256,2022-04-18 11:45:38.595014,,1,0,0.0
413,ProjectQueue,104,Deliverable,entry,1218540.8925330986,2022-04-26 05:00:53.551986,,0,1,
414,ProjectQueue,104,Deliverable,exit,1218540.8925330986,2022-04-26 05:00:53.551986,,1,0,0.0
415,ProjectQueue,104,Deliverable,entry,1218540.8925330986,2022-04-26 05:00:53.551986,,0,1,
416,ProjectQueue,104,Deliverable,exit,1218540.8925330986,2022-04-26 05:00:53.551986,,1,0,0.0
417,ProjectQueue,105,Deliverable,entry,1223672.0585650206,2022-04-29 18:32:03.513901,,0,1,
418,ProjectQueue,105,Deliverable,exit,1223672.0585650206,2022-04-29 18:32:03.513901,,1,0,0.0
419,ProjectQueue,105,Deliverable,entry,1223672.0585650206,2022-04-29 18:32:03.513901,,0,1,
420,ProjectQueue,105,Deliverable,exit,1223672.0585650206,2022-04-29 18:32:03.513901,,1,0,0.0
421,ProjectQueue,106,Deliverable,entry,1233502.6402337307,2022-05-06 14:22:38.414024,,0,1,
422,ProjectQueue,106,Deliverable,exit,1233502.6402337307,2022-05-06 14:22:38.414024,,1,0,0.0
423,ProjectQueue,106,Deliverable,entry,1233502.6402337307,2022-05-06 14:22:38.414024,,0,1,
424,ProjectQueue,106,Deliverable,exit,1233502.6402337307,2022-05-06 14:22:38.414024,,1,0,0.0
425,ProjectQueue,107,Deliverable,entry,1240692.610745557,2022-05-11 14:12:36.644733,,0,1,
426,ProjectQueue,107,Deliverable,exit,1240692.610745557,2022-05-11 14:12:36.644733,,1,0,0.0
427,ProjectQueue,107,Deliverable,entry,1240692.610745557,2022-05-11 14:12:36.644733,,0,1,
428,ProjectQueue,107,Deliverable,exit,1240692.610745557,2022-05-11 14:12:36.644733,,1,0,0.0
429,ProjectQueue,108,Deliverable,entry,1243697.1921643747,2022-05-13 16:17:11.529862,,0,1,
430,ProjectQueue,108,Deliverable,exit,1243697.1921643747,2022-05-13 16:17:11.529862,,1,0,0.0
431,ProjectQueue,108,Deliverable,entry,1243697.1921643747,2022-05-13 16:17:11.529862,,0,1,
432,ProjectQueue,108,Deliverable,exit,1243697.1921643747,2022-05-13 16:17:11.529862,,1,0,0.0
433,ProjectQueue,109,Deliverable,entry,1248255.0442714132,2022-05-16 20:15:02.656285,,0,1,
434,ProjectQueue,109,Deliverable,exit,1248255.0442714132,2022-05-16 20:15:02.656285,,1,0,0.0
435,ProjectQueue,109,Deliverable,entry,1248255.0442714132,2022-05-16 20:15:02.656285,,0,1,
436,ProjectQueue,109,Deliverable,exit,1248255.0442714132,2022-05-16 20:15:02.656285,,1,0,0.0
437,ProjectQueue,110,Deliverable,entry,1257475.0409914008,2022-05-23 05:55:02.459484,,0,1,
438,ProjectQueue,110,Deliverable,exit,1257475.0409914008,2022-05-23 05:55:02.459484,,1,0,0.0
439,ProjectQueue,110,Deliverable,entry,1257475.0409914008,2022-05-23 05:55:02.459484,,0,1,
440,ProjectQueue,110,Deliverable,exit,1257475.0409914008,2022-05-23 05:55:02.459484,,1,0,0.0
441,ProjectQueue,111,Deliverable,entry,1268141.0580372731,2022-05-30 15:41:03.482236,,0,1,
442,ProjectQueue,111,Deliverable,exit,1268141.0580372731,2022-05-30 15:41:03.482236,,1,0,0.0
443,ProjectQueue,111,Deliverable,entry,1268141.0580372731,2022-05-30 15:41:03.482236,,0,1,
444,ProjectQueue,111,Deliverable,exit,1268141.0580372731,2022-05-30 15:41:03.482236,,1,0,0.0
445,ProjectQueue,112,Deliverable,entry,1288263.1791800845,2022-06-13 15:03:10.750805,,0,1,
446,ProjectQueue,112,Deliverable,exit,1288263.1791800845,2022-06-13 15:03:10.750805,,1,0,0.0
447,ProjectQueue,112,Deliverable,entry,1288263.1791800845,2022-06-13 15:03:10.750805,,0,1,
448,ProjectQueue,112,Deliverable,exit,1288263.1791800845,2022-06-13 15:03:10.750805,,1,0,0.0
449,ProjectQueue,113,Deliverable,entry,1289793.5761460073,2022-06-14 16:33:34.568760,,0,1,
450,ProjectQueue,113,Deliverable,exit,1289793.5761460073,2022-06-14 16:33:34.568760,,1,0,0.0
451,ProjectQueue,113,Deliverable,entry,1289793.5761460073,2022-06-14 16:33:34.568760,,0,1,
452,ProjectQueue,113,Deliverable,exit,1289793.5761460073,2022-06-14 16:33:34.568760,,1,0,0.0
453,ProjectQueue,114,Deliverable,entry,1295384.0919932742,2022-06-18 13:44:05.519596,,0,1,
454,ProjectQueue,114,Deliverable,exit,1295384.0919932742,2022-06-18 13:44:05.519596,,1,0,0.0
455,ProjectQueue,114,Deliverable,entry,1295384.0919932742,2022-06-18 13:44:05.519596,,0,1,
456,ProjectQueue,114,Deliverable,exit,1295384.0919932742,2022-06-18 13:44:05.519596,,1,0,0.0
457,ProjectQueue,115,Deliverable,entry,1297163.1685928276,2022-06-19 19:23:10.115570,,0,1,
458,ProjectQueue,115,Deliverable,exit,1297163.1685928276,2022-06-19 19:23:10.115570,,1,0,0.0
459,ProjectQueue,115,Deliverable,entry,1297163.1685928276,2022-06-19 19:23:10.115570,,0,1,
460,ProjectQueue,115,Deliverable,exit,1297163.1685928276,2022-06-19 19:23:10.115570,,1,0,0.0
461,ProjectQueue,116,Deliverable,entry,1304082.5259990373,2022-06-24 14:42:31.559942,,0,1,
462,ProjectQueue,116,Deliverable,exit,1304082.5259990373,2022-06-24 14:42:31.559942,,1,0,0.0
463,ProjectQueue,116,Deliverable,entry,1304082.5259990373,2022-06-24 14:42:31.559942,,0,1,
464,ProjectQueue,116,Deliverable,exit,1304082.5259990373,2022-06-24 14:42:31.559942,,1,0,0.0
465,ProjectQueue,117,Deliverable,entry,1306374.0159492989,2022-06-26 04:54:00.956958,,0,1,
466,ProjectQueue,117,Deliverable,exit,1306374.0159492989,2022-06-26 04:54:00.956958,,1,0,0.0
467,ProjectQueue,117,Deliverable,entry,1306374.0159492989,2022-06-26 04:54:00.956958,,0,1,
468,ProjectQueue,117,Deliverable,exit,1306374.0159492989,2022-06-26 04:54:00.956958,,1,0,0.0
469,ProjectQueue,118,Deliverable,entry,1309309.6916531473,2022-06-28 05:49:41.499189,,0,1,
470,ProjectQueue,118,Deliverable,exit,1309309.6916531473,2022-06-28 05:49:41.499189,,1,0,0.0
471,ProjectQueue,118,Deliverable,entry,1309309.6916531473,2022-06-28 05:49:41.499189,,0,1,
472,ProjectQueue,118,Deliverable,exit,1309309.6916531473,2022-06-28 05:49:41.499189,,1,0,0.0
473,ProjectQueue,119,Deliverable,entry,1334703.0606759833,2022-07-15 21:03:03.640559,,0,1,
474,ProjectQueue,119,Deliverable,exit,1334703.0606759833,2022-07-15 21:03:03.640559,,1,0,0.0
475,ProjectQueue,119,Deliverable,entry,1334703.0606759833,2022-07-15 21:03:03.640559,,0,1,
476,ProjectQueue,119,Deliverable,exit,1334703.0606759833,2022-07-15 21:03:03.640559,,1,0,0.0
477,ProjectQueue,120,Deliverable,entry,1337046.432832254,2022-07-17 12:06:25.969935,,0,1,
478,ProjectQueue,120,Deliverable,exit,1337046.432832254,2022-07-17 12:06:25.969935,,1,0,0.0
479,ProjectQueue,120,Deliverable,entry,1337046.432832254,2022-07-17 12:06:25.969935,,0,1,
480,ProjectQueue,120,Deliverable,exit,1337046.432832254,2022-07-17 12:06:25.969935,,1,0,0.0
481,ProjectQueue,121,Deliverable,entry,1339466.2046370662,2022-07-19 04:26:12.278224,,0,1,
482,ProjectQueue,121,Deliverable,exit,1339466.2046370662,2022-07-19 04:26:12.278224,,1,0,0.0
483,ProjectQueue,121,Deliverable,entry,1339466.2046370662,2022-07-19 04:26:12.278224,,0,1,
484,ProjectQueue,121,Deliverable,exit,1339466.2046370662,2022-07-19 04:26:12.278224,,1,0,0.0
485,ProjectQueue,122,Deliverable,entry,1344146.7240431265,2022-07-22 10:26:43.442588,,0,1,
486,ProjectQueue,122,Deliverable,exit,1344146.7240431265,2022-07-22 10:26:43.442588,,1,0,0.0
487,ProjectQueue,122,Deliverable,entry,1344146.7240431265,2022-07-22 10:26:43.442588,,0,1,
488,ProjectQueue,122,Deliverable,exit,1344146.7240431265,2022-07-22 10:26:43.442588,,1,0,0.0
489,ProjectQueue,123,Deliverable,entry,1353479.6839701,2022-07-28 21:59:41.038206,,0,1,
490,ProjectQueue,123,Deliverable,exit,1353479.6839701,2022-07-28 21:59:41.038206,,1,0,0.0
491,ProjectQueue,123,Deliverable,entry,1353479.6839701,2022-07-28 21:59:41.038206,,0,1,
492,ProjectQueue,123,Deliverable,exit,1353479.6839701,2022-07-28 21:59:41.038206,,1,0,0.0
493,ProjectQueue,124,Deliverable,entry,1376262.1137943459,2022-08-13 17:42:06.827661,,0,1,
494,ProjectQueue,124,Deliverable,exit,1376262.1137943459,2022-08-13 17:42:06.827661,,1,0,0.0
495,ProjectQueue,124,Deliverable,entry,1376262.1137943459,2022-08-13 17:42:06.827661,,0,1,
496,ProjectQueue,124,Deliverable,exit,1376262.1137943459,2022-08-13 17:42:06.827661,,1,0,0.0
497,ProjectQueue,125,Deliverable,entry,1384803.7291093825,2022-08-19 16:03:43.746563,,0,1,
498,ProjectQueue,125,Deliverable,exit,1384803.7291093825,2022-08-19 16:03:43.746563,,1,0,0.0
499,ProjectQueue,125,Deliverable,entry,1384803.7291093825,2022-08-19 16:03:43.746563,,0,1,
500,ProjectQueue,125,Deliverable,exit,1384803.7291093825,2022-08-19 16:03:43.746563,,1,0,0.0
501,ProjectQueue,126,Deliverable,entry,1386995.909334645,2022-08-21 04:35:54.560079,,0,1,
502,ProjectQueue,126,Deliverable,exit,1386995.909334645,2022-08-21 04:35:54.560079,,1,0,0.0
503,ProjectQueue,126,Deliverable,entry,1386995.909334645,2022-08-21 04:35:54.560079,,0,1,
504,ProjectQueue,126,Deliverable,exit,1386995.909334645,2022-08-21 04:35:54.560079,,1,0,0.0
505,ProjectQueue,127,Deliverable,entry,1387104.286807907,2022-08-21 06:24:17.208474,,0,1,
506,ProjectQueue,127,Deliverable,exit,1387104.286807907,2022-08-21 06:24:17.208474,,1,0,0.0
507,ProjectQueue,127,Deliverable,entry,1387104.286807907,2022-08-21 06:24:17.208474,,0,1,
508,ProjectQueue,127,Deliverable,exit,1387104.286807907,2022-08-21 06:24:17.208474,,1,0,0.0
509,ProjectQueue,128,Deliverable,entry,1412354.9057888994,2022-09-07 19:14:54.347334,,0,1,
510,ProjectQueue,128,Deliverable,exit,1412354.9057888994,2022-09-07 19:14:54.347334,,1,0,0.0
511,ProjectQueue,128,Deliverable,entry,1412354.9057888994,2022-09-07 19:14:54.347334,,0,1,
512,ProjectQueue,128,Deliverable,exit,1412354.9057888994,2022-09-07 19:14:54.347334,,1,0,0.0
513,ProjectQueue,129,Deliverable,entry,1419072.6537626334,2022-09-12 11:12:39.225758,,0,1,
514,ProjectQueue,129,Deliverable,exit,1419072.6537626334,2022-09-12 11:12:39.225758,,1,0,0.0
515,ProjectQueue,129,Deliverable,entry,1419072.6537626334,2022-09-12 11:12:39.225758,,0,1,
516,ProjectQueue,129,Deliverable,exit,1419072.6537626334,2022-09-12 11:12:39.225758,,1,0,0.0
517,ProjectQueue,130,Deliverable,entry,1421962.5901322071,2022-09-14 11:22:35.407932,,0,1,
518,ProjectQueue,130,Deliverable,exit,1421962.5901322071,2022-09-14 11:22:35.407932,,1,0,0.0
519,ProjectQueue,130,Deliverable,entry,1421962.5901322071,2022-09-14 11:22:35.407932,,0,1,
520,ProjectQueue,130,Deliverable,exit,1421962.5901322071,2022-09-14 11:22:35.407932,,1,0,0.0
521,ProjectQueue,131,Deliverable,entry,1423014.1975964708,2022-09-15 04:54:11.855788,,0,1,
522,ProjectQueue,131,Deliverable,exit,1423014.1975964708,2022-09-15 04:54:11.855788,,1,0,0.0
523,ProjectQueue,131,Deliverable,entry,1423014.1975964708,2022-09-15 04:54:11.855788,,0,1,
524,ProjectQueue,131,Deliverable,exit,1423014.1975964708,2022-09-15 04:54:11.855788,,1,0,0.0
525,ProjectQueue,132,Deliverable,entry,1425282.207309229,2022-09-16 18:42:12.438554,,0,1,
526,ProjectQueue,132,Deliverable,exit,1425282.207309229,2022-09-16 18:42:12.438554,,1,0,0.0
527,ProjectQueue,132,Deliverable,entry,1425282.207309229,2022-09-16 18:42:12.438554,,0,1,
528,ProjectQueue,132,Deliverable,exit,1425282.207309229,2022-09-16 18:42:12.438554,,1,0,0.0
529,ProjectQueue,133,Deliverable,entry,1426004.0261731697,2022-09-17 06:44:01.570390,,0,1,
530,ProjectQueue,133,Deliverable,exit,1426004.0261731697,2022-09-17 06:44:01.570390,,1,0,0.0
531,ProjectQueue,133,Deliverable,entry,1426004.0261731697,2022-09-17 06:44:01.570390,,0,1,
532,ProjectQueue,133,Deliverable,exit,1426004.0261731697,2022-09-17 06:44:01.570390,,1,0,0.0
533,ProjectQueue,134,Deliverable,entry,1435030.992174023,2022-09-23 13:10:59.530441,,0,1,
534,ProjectQueue,134,Deliverable,exit,1435030.992174023,2022-09-23 13:10:59.530441,,1,0,0.0
535,ProjectQueue,134,Deliverable,entry,1435030.992174023,2022-09-23 13:10:59.530441,,0,1,
536,ProjectQueue,134,Deliverable,exit,1435030.992174023,2022-09-23 13:10:59.530441,,1,0,0.0
537,ProjectQueue,135,Deliverable,entry,1450131.1824874664,2022-10-04 00:51:10.949248,,0,1,
538,ProjectQueue,135,Deliverable,exit,1450131.1824874664,2022-10-04 00:51:10.949248,,1,0,0.0
539,ProjectQueue,135,Deliverable,entry,1450131.1824874664,2022-10-04 00:51:10.949248,,0,1,
540,ProjectQueue,135,Deliverable,exit,1450131.1824874664,2022-10-04 00:51:10.949248,,1,0,0.0
541,ProjectQueue,136,Deliverable,entry,1460657.4854692451,2022-10-11 08:17:29.128155,,0,1,
542,ProjectQueue,136,Deliverable,exit,1460657.4854692451,2022-10-11 08:17:29.128155,,1,0,0.0
543,ProjectQueue,136,Deliverable,entry,1460657.4854692451,2022-10-11 08:17:29.128155,,0,1,
544,ProjectQueue,136,Deliverable,exit,1460657.4854692451,2022-10-11 08:17:29.128155,,1,0,0.0
545,ProjectQueue,137,Deliverable,entry,1468651.6442157442,2022-10-16 21:31:38.652945,,0,1,
546,ProjectQueue,137,Deliverable,exit,1468651.6442157442,2022-10-16 21:31:38.652945,,1,0,0.0
547,ProjectQueue,137,Deliverable,entry,1468651.6442157442,2022-10-16 21:31:38.652945,,0,1,
548,ProjectQueue,137,Deliverable,exit,1468651.6442157442,2022-10-16 21:31:38.652945,,1,0,0.0
549,ProjectQueue,138,Deliverable,entry,1469224.1465441112,2022-10-17 07:04:08.792647,,0,1,
550,ProjectQueue,138,Deliverable,exit,1469224.1465441112,2022-10-17 07:04:08.792647,,1,0,0.0
551,ProjectQueue,138,Deliverable,entry,1469224.1465441112,2022-10-17 07:04:08.792647,,0,1,
552,ProjectQueue,138,Deliverable,exit,1469224.1465441112,2022-10-17 07:04:08.792647,,1,0,0.0
553,ProjectQueue,139,Deliverable,entry,1479837.3905078166,2022-10-24 15:57:23.430469,,0,1,
554,ProjectQueue,139,Deliverable,exit,1479837.3905078166,2022-10-24 15:57:23.430469,,1,0,0.0
555,ProjectQueue,139,Deliverable,entry,1479837.3905078166,2022-10-24 15:57:23.430469,,0,1,
556,ProjectQueue,139,Deliverable,exit,1479837.3905078166,2022-10-24 15:57:23.430469,,1,0,0.0
557,ProjectQueue,140,Deliverable,entry,1480615.0994829189,2022-10-25 04:55:05.968975,,0,1,
558,ProjectQueue,140,Deliverable,exit,1480615.0994829189,2022-10-25 04:55:05.968975,,1,0,0.0
559,ProjectQueue,140,Deliverable,entry,1480615.0994829189,2022-10-25 04:55:05.968975,,0,1,
560,ProjectQueue,140,Deliverable,exit,1480615.0994829189,2022-10-25 04:55:05.968975,,1,0,0.0
561,ProjectQueue,141,Deliverable,entry,1489412.7086173825,2022-10-31 07:32:42.517043,,0,1,
562,ProjectQueue,141,Deliverable,exit,1489412.7086173825,2022-10-31 07:32:42.517043,,1,0,0.0
563,ProjectQueue,141,Deliverable,entry,1489412.7086173825,2022-10-31 07:32:42.517043,,0,1,
564,ProjectQueue,141,Deliverable,exit,1489412.7086173825,2022-10-31 07:32:42.517043,,1,0,0.0
565,ProjectQueue,142,Deliverable,entry,1498208.190766226,2022-11-06 10:08:11.445974,,0,1,
566,ProjectQueue,142,Deliverable,exit,1498208.190766226,2022-11-06 10:08:11.445974,,1,0,0.0
567,ProjectQueue,142,Deliverable,entry,1498208.190766226,2022-11-06 10:08:11.445974,,0,1,
568,ProjectQueue,142,Deliverable,exit,1498208.190766226,2022-11-06 10:08:11.445974,,1,0,0.0
569,ProjectQueue,143,Deliverable,entry,1502147.5637683547,2022-11-09 03:47:33.826101,,0,1,
570,ProjectQueue,143,Deliverable,exit,1502147.5637683547,2022-11-09 03:47:33.826101,,1,0,0.0
571,ProjectQueue,143,Deliverable,entry,1502147.5637683547,2022-11-09 03:47:33.826101,,0,1,
572,ProjectQueue,143,Deliverable,exit,1502147.5637683547,2022-11-09 03:47:33.826101,,1,0,0.0
573,ProjectQueue,144,Deliverable,entry,1508937.8018830144,2022-11-13 20:57:48.112981,,0,1,
574,ProjectQueue,144,Deliverable,exit,1508937.8018830144,2022-11-13 20:57:48.112981,,1,0,0.0
575,ProjectQueue,144,Deliverable,entry,1508937.8018830144,2022-11-13 20:57:48.112981,,0,1,
576,ProjectQueue,144,Deliverable,exit,1508937.8018830144,2022-11-13 20:57:48.112981,,1,0,0.0
577,ProjectQueue,145,Deliverable,entry,1511103.866201484,2022-11-15 09:03:51.972089,,0,1,
578,ProjectQueue,145,Deliverable,exit,1511103.866201484,2022-11-15 09:03:51.972089,,1,0,0.0
579,ProjectQueue,145,Deliverable,entry,1511103.866201484,2022-11-15 09:03:51.972089,,0,1,
580,ProjectQueue,145,Deliverable,exit,1511103.866201484,2022-11-15 09:03:51.972089,,1,0,0.0
581,ProjectQueue,146,Deliverable,entry,1511920.2266421877,2022-11-15 22:40:13.598531,,0,1,
582,ProjectQueue,146,Deliverable,exit,1511920.2266421877,2022-11-15 22:40:13.598531,,1,0,0.0
583,ProjectQueue,146,Deliverable,entry,1511920.2266421877,2022-11-15 22:40:13.598531,,0,1,
584,ProjectQueue,146,Deliverable,exit,1511920.2266421877,2022-11-15 22:40:13.598531,,1,0,0.0
585,ProjectQueue,147,Deliverable,entry,1514074.045990818,2022-11-17 10:34:02.759449,,0,1,
586,ProjectQueue,147,Deliverable,exit,1514074.045990818,2022-11-17 10:34:02.759449,,1,0,0.0
587,ProjectQueue,147,Deliverable,entry,1514074.045990818,2022-11-17 10:34:02.759449,,0,1,
588,ProjectQueue,147,Deliverable,exit,1514074.045990818,2022-11-17 10:34:02.759449,,1,0,0.0
589,ProjectQueue,148,Deliverable,entry,1520672.3940215034,2022-11-22 00:32:23.641290,,0,1,
590,ProjectQueue,148,Deliverable,exit,1520672.3940215034,2022-11-22 00:32:23.641290,,1,0,0.0
591,ProjectQueue,148,Deliverable,entry,1520672.3940215034,2022-11-22 00:32:23.641290,,0,1,
592,ProjectQueue,148,Deliverable,exit,1520672.3940215034,2022-11-22 00:32:23.641290,,1,0,0.0
593,ProjectQueue,149,Deliverable,entry,1522985.0538534704,2022-11-23 15:05:03.231208,,0,1,
594,ProjectQueue,149,Deliverable,exit,1522985.0538534704,2022-11-23 15:05:03.231208,,1,0,0.0
595,ProjectQueue,149,Deliverable,entry,1522985.0538534704,2022-11-23 15:05:03.231208,,0,1,
596,ProjectQueue,149,Deliverable,exit,1522985.0538534704,2022-11-23 15:05:03.231208,,1,0,0.0
597,ProjectQueue,150,Deliverable,entry,1538432.3172050498,2022-12-04 08:32:19.032303,,0,1,
598,ProjectQueue,150,Deliverable,exit,1538432.3172050498,2022-12-04 08:32:19.032303,,1,0,0.0
599,ProjectQueue,150,Deliverable,entry,1538432.3172050498,2022-12-04 08:32:19.032303,,0,1,
600,ProjectQueue,150,Deliverable,exit,1538432.3172050498,2022-12-04 08:32:19.032303,,1,0,0.0
601,ProjectQueue,151,Deliverable,entry,1539571.9156837112,2022-12-05 03:31:54.941023,,0,1,
602,ProjectQueue,151,Deliverable,exit,1539571.9156837112,2022-12-05 03:31:54.941023,,1,0,0.0
603,ProjectQueue,151,Deliverable,entry,1539571.9156837112,2022-12-05 03:31:54.941023,,0,1,
604,ProjectQueue,151,Deliverable,exit,1539571.9156837112,2022-12-05 03:31:54.941023,,1,0,0.0
605,ProjectQueue,152,Deliverable,entry,1547561.2548846768,2022-12-10 16:41:15.293081,,0,1,
606,ProjectQueue,152,Deliverable,exit,1547561.2548846768,2022-12-10 16:41:15.293081,,1,0,0.0
607,ProjectQueue,152,Deliverable,entry,1547561.2548846768,2022-12-10 16:41:15.293081,,0,1,
608,ProjectQueue,152,Deliverable,exit,1547561.2548846768,2022-12-10 16:41:15.293081,,1,0,0.0
609,ProjectQueue,153,Deliverable,entry,1554893.7974773038,2022-12-15 18:53:47.848638,,0,1,
610,ProjectQueue,153,Deliverable,exit,1554893.7974773038,2022-12-15 18:53:47.848638,,1,0,0.0
611,ProjectQueue,153,Deliverable,entry,1554893.7974773038,2022-12-15 18:53:47.848638,,0,1,
612,ProjectQueue,153,Deliverable,exit,1554893.7974773038,2022-12-15 18:53:47.848638,,1,0,0.0
613,ProjectQueue,154,Deliverable,entry,1556171.3295188486,2022-12-16 16:11:19.771131,,0,1,
614,ProjectQueue,154,Deliverable,exit,1556171.3295188486,2022-12-16 16:11:19.771131,,1,0,0.0
615,ProjectQueue,154,Deliverable,entry,1556171.3295188486,2022-12-16 16:11:19.771131,,0,1,
616,ProjectQueue,154,Deliverable,exit,1556171.3295188486,2022-12-16 16:11:19.771131,,1,0,0.0
617,ProjectQueue,155,Deliverable,entry,1559643.5760706693,2022-12-19 02:03:34.564240,,0,1,
618,ProjectQueue,155,Deliverable,exit,1559643.5760706693,2022-12-19 02:03:34.564240,,1,0,0.0
619,ProjectQueue,155,Deliverable,entry,1559643.5760706693,2022-12-19 02:03:34.564240,,0,1,
620,ProjectQueue,155,Deliverable,exit,1559643.5760706693,2022-12-19 02:03:34.564240,,1,0,0.0
621,ProjectQueue,156,Deliverable,entry,1560763.8899080146,2022-12-19 20:43:53.394481,,0,1,
622,ProjectQueue,156,Deliverable,exit,1560763.8899080146,2022-12-19 20:43:53.394481,,1,0,0.0
623,ProjectQueue,156,Deliverable,entry,1560763.8899080146,2022-12-19 20:43:53.394481,,0,1,
624,ProjectQueue,156,Deliverable,exit,1560763.8899080146,2022-12-19 20:43:53.394481,,1,0,0.0
625,ProjectQueue,157,Deliverable,entry,1569172.823457476,2022-12-25 16:52:49.407449,,0,1,
626,ProjectQueue,157,Deliverable,exit,1569172.823457476,2022-12-25 16:52:49.407449,,1,0,0.0
627,ProjectQueue,157,Deliverable,entry,1569172.823457476,2022-12-25 16:52:49.407449,,0,1,
628,ProjectQueue,157,Deliverable,exit,1569172.823457476,2022-12-25 16:52:49.407449,,1,0,0.0
629,ProjectQueue,158,Deliverable,entry,1575387.4167483093,2022-12-30 00:27:25.004899,,0,1,
630,ProjectQueue,158,Deliverable,exit,1575387.4167483093,2022-12-30 00:27:25.004899,,1,0,0.0
631,ProjectQueue,158,Deliverable,entry,1575387.4167483093,2022-12-30 00:27:25.004899,,0,1,
632,ProjectQueue,158,Deliverable,exit,1575387.4167483093,2022-12-30 00:27:25.004899,,1,0,0.0
633,ProjectQueue,159,Deliverable,entry,1588929.4930723342,2023-01-08 10:09:29.584340,,0,1,
634,ProjectQueue,159,Deliverable,exit,1588929.4930723342,2023-01-08 10:09:29.584340,,1,0,0.0
635,ProjectQueue,159,Deliverable,entry,1588929.4930723342,2023-01-08 10:09:29.584340,,0,1,
636,ProjectQueue,159,Deliverable,exit,1588929.4930723342,2023-01-08 10:09:29.584340,,1,0,0.0
637,ProjectQueue,160,Deliverable,entry,1606467.349177046,2023-01-20 14:27:20.950623,,0,1,
638,ProjectQueue,160,Deliverable,exit,1606467.349177046,2023-01-20 14:27:20.950623,,1,0,0.0
639,ProjectQueue,160,Deliverable,entry,1606467.349177046,2023-01-20 14:27:20.950623,,0,1,
640,ProjectQueue,160,Deliverable,exit,1606467.349177046,2023-01-20 14:27:20.950623,,1,0,0.0
641,ProjectQueue,161,Deliverable,entry,1607855.1006100501,2023-01-21 13:35:06.036603,,0,1,
642,ProjectQueue,161,Deliverable,exit,1607855.1006100501,2023-01-21 13:35:06.036603,,1,0,0.0
643,ProjectQueue,161,Deliverable,entry,1607855.1006100501,2023-01-21 13:35:06.036603,,0,1,
644,ProjectQueue,161,Deliverable,exit,1607855.1006100501,2023-01-21 13:35:06.036603,,1,0,0.0
645,ProjectQueue,162,Deliverable,entry,1610769.4141341094,2023-01-23 14:09:24.848047,,0,1,
646,ProjectQueue,162,Deliverable,exit,1610769.4141341094,2023-01-23 14:09:24.848047,,1,0,0.0
647,ProjectQueue,162,Deliverable,entry,1610769.4141341094,2023-01-23 14:09:24.848047,,0,1,
648,ProjectQueue,162,Deliverable,exit,1610769.4141341094,2023-01-23 14:09:24.848047,,1,0,0.0
649,ProjectQueue,163,Deliverable,entry,1611037.665675248,2023-01-23 18:37:39.940515,,0,1,
650,ProjectQueue,163,Deliverable,exit,1611037.665675248,2023-01-23 18:37:39.940515,,1,0,0.0
651,ProjectQueue,163,Deliverable,entry,1611037.665675248,2023-01-23 18:37:39.940515,,0,1,
652,ProjectQueue,163,Deliverable,exit,1611037.665675248,2023-01-23 18:37:39.940515,,1,0,0.0
653,ProjectQueue,164,Deliverable,entry,1614705.006866678,2023-01-26 07:45:00.412001,,0,1,
654,ProjectQueue,164,Deliverable,exit,1614705.006866678,2023-01-26 07:45:00.412001,,1,0,0.0
655,ProjectQueue,164,Deliverable,entry,1614705.006866678,2023-01-26 07:45:00.412001,,0,1,
656,ProjectQueue,164,Deliverable,exit,1614705.006866678,2023-01-26 07:45:00.412001,,1,0,0.0
657,ProjectQueue,165,Deliverable,entry,1614977.565500687,2023-01-26 12:17:33.930041,,0,1,
658,ProjectQueue,165,Deliverable,exit,1614977.565500687,2023-01-26 12:17:33.930041,,1,0,0.0
659,ProjectQueue,165,Deliverable,entry,1614977.565500687,2023-01-26 12:17:33.930041,,0,1,
660,ProjectQueue,165,Deliverable,exit,1614977.565500687,2023-01-26 12:17:33.930041,,1,0,0.0
661,ProjectQueue,166,Deliverable,entry,1620811.0914046743,2023-01-30 13:31:05.484280,,0,1,
662,ProjectQueue,166,Deliverable,exit,1620811.0914046743,2023-01-30 13:31:05.484280,,1,0,0.0
663,ProjectQueue,166,Deliverable,entry,1620811.0914046743,2023-01-30 13:31:05.484280,,0,1,
664,ProjectQueue,166,Deliverable,exit,1620811.0914046743,2023-01-30 13:31:05.484280,,1,0,0.0
665,ProjectQueue,167,Deliverable,entry,1637536.799477758,2023-02-11 04:16:47.968665,,0,1,
666,ProjectQueue,167,Deliverable,exit,1637536.799477758,2023-02-11 04:16:47.968665,,1,0,0.0
667,ProjectQueue,167,Deliverable,entry,1637536.799477758,2023-02-11 04:16:47.968665,,0,1,
668,ProjectQueue,167,Deliverable,exit,1637536.799477758,2023-02-11 04:16:47.968665,,1,0,0.0
669,ProjectQueue,168,Deliverable,entry,1639922.3490711339,2023-02-12 20:02:20.944268,,0,1,
670,ProjectQueue,168,Deliverable,exit,1639922.3490711339,2023-02-12 20:02:20.944268,,1,0,0.0
671,ProjectQueue,168,Deliverable,entry,1639922.3490711339,2023-02-12 20:02:20.944268,,0,1,
672,ProjectQueue,168,Deliverable,exit,1639922.3490711339,2023-02-12 20:02:20.944268,,1,0,0.0
673,ProjectQueue,169,Deliverable,entry,1640097.0477770905,2023-02-12 22:57:02.866625,,0,1,
674,ProjectQueue,169,Deliverable,exit,1640097.0477770905,2023-02-12 22:57:02.866625,,1,0,0.0
675,ProjectQueue,169,Deliverable,entry,1640097.0477770905,2023-02-12 22:57:02.866625,,0,1,
676,ProjectQueue,169,Deliverable,exit,1640097.0477770905,2023-02-12 22:57:02.866625,,1,0,0.0
677,ProjectQueue,170,Deliverable,entry,1645932.3271987543,2023-02-17 00:12:19.631925,,0,1,
678,ProjectQueue,170,Deliverable,exit,1645932.3271987543,2023-02-17 00:12:19.631925,,1,0,0.0
679,ProjectQueue,170,Deliverable,entry,1645932.3271987543,2023-02-17 00:12:19.631925,,0,1,
680,ProjectQueue,170,Deliverable,exit,1645932.3271987543,2023-02-17 00:12:19.631925,,1,0,0.0
681,ProjectQueue,171,Deliverable,entry,1647359.3111042432,2023-02-17 23:59:18.666255,,0,1,
682,ProjectQueue,171,Deliverable,exit,1647359.3111042432,2023-02-17 23:59:18.666255,,1,0,0.0
683,ProjectQueue,171,Deliverable,entry,1647359.3111042432,2023-02-17 23:59:18.666255,,0,1,
684,ProjectQueue,171,Deliverable,exit,1647359.3111042432,2023-02-17 23:59:18.666255,,1,0,0.0
685,ProjectQueue,172,Deliverable,entry,1657500.2054852082,2023-02-25 01:00:12.329112,,0,1,
686,ProjectQueue,172,Deliverable,exit,1657500.2054852082,2023-02-25 01:00:12.329112,,1,0,0.0
687,ProjectQueue,172,Deliverable,entry,1657500.2054852082,2023-02-25 01:00:12.329112,,0,1,
688,ProjectQueue,172,Deliverable,exit,1657500.2054852082,2023-02-25 01:00:12.329112,,1,0,0.0
689,ProjectQueue,173,Deliverable,entry,1661758.938332895,2023-02-27 23:58:56.299974,,0,1,
690,ProjectQueue,173,Deliverable,exit,1661758.938332895,2023-02-27 23:58:56.299974,,1,0,0.0
691,ProjectQueue,173,Deliverable,entry,1661758.938332895,2023-02-27 23:58:56.299974,,0,1,
692,ProjectQueue,173,Deliverable,exit,1661758.938332895,2023-02-27 23:58:56.299974,,1,0,0.0
693,ProjectQueue,174,Deliverable,entry,1676814.537784094,2023-03-10 10:54:32.267046,,0,1,
694,ProjectQueue,174,Deliverable,exit,1676814.537784094,2023-03-10 10:54:32.267046,,1,0,0.0
695,ProjectQueue,174,Deliverable,entry,1676814.537784094,2023-03-10 10:54:32.267046,,0,1,
696,ProjectQueue,174,Deliverable,exit,1676814.537784094,2023-03-10 10:54:32.267046,,1,0,0.0
697,ProjectQueue,175,Deliverable,entry,1706356.8541645398,2023-03-30 23:16:51.249872,,0,1,
698,ProjectQueue,175,Deliverable,exit,1706356.8541645398,2023-03-30 23:16:51.249872,,1,0,0.0
699,ProjectQueue,175,Deliverable,entry,1706356.8541645398,2023-03-30 23:16:51.249872,,0,1,
700,ProjectQueue,175,Deliverable,exit,1706356.8541645398,2023-03-30 23:16:51.249872,,1,0,0.0
701,ProjectQueue,176,Deliverable,entry,1706593.384750233,2023-03-31 03:13:23.085014,,0,1,
702,ProjectQueue,176,Deliverable,exit,1706593.384750233,2023-03-31 03:13:23.085014,,1,0,0.0
703,ProjectQueue,176,Deliverable,entry,1706593.384750233,2023-03-31 03:13:23.085014,,0,1,
704,ProjectQueue,176,Deliverable,exit,1706593.384750233,2023-03-31 03:13:23.085014,,1,0,0.0
705,ProjectQueue,177,Deliverable,entry,1708011.2014348966,2023-04-01 02:51:12.086094,,0,1,
706,ProjectQueue,177,Deliverable,exit,1708011.2014348966,2023-04-01 02:51:12.086094,,1,0,0.0
707,ProjectQueue,177,Deliverable,entry,1708011.2014348966,2023-04-01 02:51:12.086094,,0,1,
708,ProjectQueue,177,Deliverable,exit,1708011.2014348966,2023-04-01 02:51:12.086094,,1,0,0.0
709,ProjectQueue,178,Deliverable,entry,1725509.5292128301,2023-04-13 06:29:31.752770,,0,1,
710,ProjectQueue,178,Deliverable,exit,1725509.5292128301,2023-04-13 06:29:31.752770,,1,0,0.0
711,ProjectQueue,178,Deliverable,entry,1725509.5292128301,2023-04-13 06:29:31.752770,,0,1,
712,ProjectQueue,178,Deliverable,exit,1725509.5292128301,2023-04-13 06:29:31.752770,,1,0,0.0
713,ProjectQueue,179,Deliverable,entry,1729591.6803434708,2023-04-16 02:31:40.820608,,0,1,
714,ProjectQueue,179,Deliverable,exit,1729591.6803434708,2023-04-16 02:31:40.820608,,1,0,0.0
715,ProjectQueue,179,Deliverable,entry,1729591.6803434708,2023-04-16 02:31:40.820608,,0,1,
716,ProjectQueue,179,Deliverable,exit,1729591.6803434708,2023-04-16 02:31:40.820608,,1,0,0.0
717,ProjectQueue,180,Deliverable,entry,1744139.4088900555,2023-04-26 04:59:24.533403,,0,1,
718,ProjectQueue,180,Deliverable,exit,1744139.4088900555,2023-04-26 04:59:24.533403,,1,0,0.0
719,ProjectQueue,180,Deliverable,entry,1744139.4088900555,2023-04-26 04:59:24.533403,,0,1,
720,ProjectQueue,180,Deliverable,exit,1744139.4088900555,2023-04-26 04:59:24.533403,,1,0,0.0
721,ProjectQueue,181,Deliverable,entry,1745807.6340787474,2023-04-27 08:47:38.044725,,0,1,
722,ProjectQueue,181,Deliverable,exit,1745807.6340787474,2023-04-27 08:47:38.044725,,1,0,0.0
723,ProjectQueue,181,Deliverable,entry,1745807.6340787474,2023-04-27 08:47:38.044725,,0,1,
724,ProjectQueue,181,Deliverable,exit,1745807.6340787474,2023-04-27 08:47:38.044725,,1,0,0.0
725,ProjectQueue,182,Deliverable,entry,1758112.7668045529,2023-05-05 21:52:46.008273,,0,1,
726,ProjectQueue,182,Deliverable,exit,1758112.7668045529,2023-05-05 21:52:46.008273,,1,0,0.0
727,ProjectQueue,182,Deliverable,entry,1758112.7668045529,2023-05-05 21:52:46.008273,,0,1,
728,ProjectQueue,182,Deliverable,exit,1758112.7668045529,2023-05-05 21:52:46.008273,,1,0,0.0
729,ProjectQueue,183,Deliverable,entry,1780831.9741995085,2023-05-21 16:31:58.451971,,0,1,
730,ProjectQueue,183,Deliverable,exit,1780831.9741995085,2023-05-21 16:31:58.451971,,1,0,0.0
731,ProjectQueue,183,Deliverable,entry,1780831.9741995085,2023-05-21 16:31:58.451971,,0,1,
732,ProjectQueue,183,Deliverable,exit,1780831.9741995085,2023-05-21 16:31:58.451971,,1,0,0.0
733,ProjectQueue,184,Deliverable,entry,1783704.6594329341,2023-05-23 16:24:39.565976,,0,1,
734,ProjectQueue,184,Deliverable,exit,1783704.6594329341,2023-05-23 16:24:39.565976,,1,0,0.0
735,ProjectQueue,184,Deliverable,entry,1783704.6594329341,2023-05-23 16:24:39.565976,,0,1,
736,ProjectQueue,184,Deliverable,exit,1783704.6594329341,2023-05-23 16:24:39.565976,,1,0,0.0
737,ProjectQueue,185,Deliverable,entry,1798835.325688477,2023-06-03 04:35:19.541309,,0,1,
738,ProjectQueue,185,Deliverable,exit,1798835.325688477,2023-06-03 04:35:19.541309,,1,0,0.0
739,ProjectQueue,185,Deliverable,entry,1798835.325688477,2023-06-03 04:35:19.541309,,0,1,
740,ProjectQueue,185,Deliverable,exit,1798835.325688477,2023-06-03 04:35:19.541309,,1,0,0.0
741,ProjectQueue,186,Deliverable,entry,1804465.4037664086,2023-06-07 02:25:24.225985,,0,1,
742,ProjectQueue,186,Deliverable,exit,1804465.4037664086,2023-06-07 02:25:24.225985,,1,0,0.0
743,ProjectQueue,186,Deliverable,entry,1804465.4037664086,2023-06-07 02:25:24.225985,,0,1,
744,ProjectQueue,186,Deliverable,exit,1804465.4037664086,2023-06-07 02:25:24.225985,,1,0,0.0
745,ProjectQueue,187,Deliverable,entry,1811062.2353138886,2023-06-11 16:22:14.118833,,0,1,
746,ProjectQueue,187,Deliverable,exit,1811062.2353138886,2023-06-11 16:22:14.118833,,1,0,0.0
747,ProjectQueue,187,Deliverable,entry,1811062.2353138886,2023-06-11 16:22:14.118833,,0,1,
748,ProjectQueue,187,Deliverable,exit,1811062.2353138886,2023-06-11 16:22:14.118833,,1,0,0.0
749,ProjectQueue,188,Deliverable,entry,1823279.532636592,2023-06-20 03:59:31.958196,,0,1,
750,ProjectQueue,188,Deliverable,exit,1823279.532636592,2023-06-20 03:59:31.958196,,1,0,0.0
751,ProjectQueue,188,Deliverable,entry,1823279.532636592,2023-06-20 03:59:31.958196,,0,1,
752,ProjectQueue,188,Deliverable,exit,1823279.532636592,2023-06-20 03:59:31.958196,,1,0,0.0
753,ProjectQueue,189,Deliverable,entry,1830712.3134061128,2023-06-25 07:52:18.804367,,0,1,
754,ProjectQueue,189,Deliverable,exit,1830712.3134061128,2023-06-25 07:52:18.804367,,1,0,0.0
755,ProjectQueue,189,Deliverable,entry,1830712.3134061128,2023-06-25 07:52:18.804367,,0,1,
756,ProjectQueue,189,Deliverable,exit,1830712.3134061128,2023-06-25 07:52:18.804367,,1,0,0.0
757,ProjectQueue,190,Deliverable,entry,1854120.1125347533,2023-07-11 14:00:06.752085,,0,1,
758,ProjectQueue,190,Deliverable,exit,1854120.1125347533,2023-07-11 14:00:06.752085,,1,0,0.0
759,ProjectQueue,190,Deliverable,entry,1854120.1125347533,2023-07-11 14:00:06.752085,,0,1,
760,ProjectQueue,190,Deliverable,exit,1854120.1125347533,2023-07-11 14:00:06.752085,,1,0,0.0
761,ProjectQueue,191,Deliverable,entry,1871191.6534507603,2023-07-23 10:31:39.207046,,0,1,
762,ProjectQueue,191,Deliverable,exit,1871191.6534507603,2023-07-23 10:31:39.207046,,1,0,0.0
763,ProjectQueue,191,Deliverable,entry,1871191.6534507603,2023-07-23 10:31:39.207046,,0,1,
764,ProjectQueue,191,Deliverable,exit,1871191.6534507603,2023-07-23 10:31:39.207046,,1,0,0.0
765,ProjectQueue,192,Deliverable,entry,1901257.0284601625,2023-08-13 07:37:01.707610,,0,1,
766,ProjectQueue,192,Deliverable,exit,1901257.0284601625,2023-08-13 07:37:01.707610,,1,0,0.0
767,ProjectQueue,192,Deliverable,entry,1901257.0284601625,2023-08-13 07:37:01.707610,,0,1,
768,ProjectQueue,192,Deliverable,exit,1901257.0284601625,2023-08-13 07:37:01.707610,,1,0,0.0
769,ProjectQueue,193,Deliverable,entry,1950635.2823571898,2023-09-16 14:35:16.941431,,0,1,
770,ProjectQueue,193,Deliverable,exit,1950635.2823571898,2023-09-16 14:35:16.941431,,1,0,0.0
771,ProjectQueue,193,Deliverable,entry,1950635.2823571898,2023-09-16 14:35:16.941431,,0,1,
772,ProjectQueue,193,Deliverable,exit,1950635.2823571898,2023-09-16 14:35:16.941431,,1,0,0.0
773,ProjectQueue,194,Deliverable,entry,1963060.6680707857,2023-09-25 05:40:40.084247,,0,1,
774,ProjectQueue,194,Deliverable,exit,1963060.6680707857,2023-09-25 05:40:40.084247,,1,0,0.0
775,ProjectQueue,194,Deliverable,entry,1963060.6680707857,2023-09-25 05:40:40.084247,,0,1,
776,ProjectQueue,194,Deliverable,exit,1963060.6680707857,2023-09-25 05:40:40.084247,,1,0,0.0
777,ProjectQueue,195,Deliverable,entry,2001689.2398892355,2023-10-22 01:29:14.393354,,0,1,
778,ProjectQueue,195,Deliverable,exit,2001689.2398892355,2023-10-22 01:29:14.393354,,1,0,0.0
779,ProjectQueue,195,Deliverable,entry,2001689.2398892355,2023-10-22 01:29:14.393354,,0,1,
780,ProjectQueue,195,Deliverable,exit,2001689.2398892355,2023-10-22 01:29:14.393354,,1,0,0.0
781,ProjectQueue,196,Deliverable,entry,2004446.6228235848,2023-10-23 23:26:37.369415,,0,1,
782,ProjectQueue,196,Deliverable,exit,2004446.6228235848,2023-10-23 23:26:37.369415,,1,0,0.0
783,ProjectQueue,196,Deliverable,entry,2004446.6228235848,2023-10-23 23:26:37.369415,,0,1,
784,ProjectQueue,196,Deliverable,exit,2004446.6228235848,2023-10-23 23:26:37.369415,,1,0,0.0
785,ProjectQueue,197,Deliverable,entry,2014209.7036707327,2023-10-30 18:09:42.220244,,0,1,
786,ProjectQueue,197,Deliverable,exit,2014209.7036707327,2023-10-30 18:09:42.220244,,1,0,0.0
787,ProjectQueue,197,Deliverable,entry,2014209.7036707327,2023-10-30 18:09:42.220244,,0,1,
788,ProjectQueue,197,Deliverable,exit,2014209.7036707327,2023-10-30 18:09:42.220244,,1,0,0.0
789,ProjectQueue,198,Deliverable,entry,2019506.6136442164,2023-11-03 10:26:36.818653,,0,1,
790,ProjectQueue,198,Deliverable,exit,2019506.6136442164,2023-11-03 10:26:36.818653,,1,0,0.0
791,ProjectQueue,198,Deliverable,entry,2019506.6136442164,2023-11-03 10:26:36.818653,,0,1,
792,ProjectQueue,198,Deliverable,exit,2019506.6136442164,2023-11-03 10:26:36.818653,,1,0,0.0
793,ProjectQueue,199,Deliverable,entry,2026614.863070724,2023-11-08 08:54:51.784243,,0,1,
794,ProjectQueue,199,Deliverable,exit,2026614.863070724,2023-11-08 08:54:51.784243,,1,0,0.0
795,ProjectQueue,199,Deliverable,entry,2026614.863070724,2023-11-08 08:54:51.784243,,0,1,
796,ProjectQueue,199,Deliverable,exit,2026614.863070724,2023-11-08 08:54:51.784243,,1,0,0.0
797,ProjectQueue,200,Deliverable,entry,2055000.1219875687,2023-11-28 02:00:07.319254,,0,1,
798,ProjectQueue,200,Deliverable,exit,2055000.1219875687,2023-11-28 02:00:07.319254,,1,0,0.0
799,ProjectQueue,200,Deliverable,entry,2055000.1219875687,2023-11-28 02:00:07.319254,,0,1,
800,ProjectQueue,200,Deliverable,exit,2055000.1219875687,2023-11-28 02:00:07.319254,,1,0,0.0
801,ProjectQueue,201,Deliverable,entry,2055039.621108507,2023-11-28 02:39:37.266510,,0,1,
802,ProjectQueue,201,Deliverable,exit,2055039.621108507,2023-11-28 02:39:37.266510,,1,0,0.0
803,ProjectQueue,201,Deliverable,entry,2055039.621108507,2023-11-28 02:39:37.266510,,0,1,
804,ProjectQueue,201,Deliverable,exit,2055039.621108507,2023-11-28 02:39:37.266510,,1,0,0.0
805,ProjectQueue,202,Deliverable,entry,2058114.9645790532,2023-11-30 05:54:57.874743,,0,1,
806,ProjectQueue,202,Deliverable,exit,2058114.9645790532,2023-11-30 05:54:57.874743,,1,0,0.0
807,ProjectQueue,202,Deliverable,entry,2058114.9645790532,2023-11-30 05:54:57.874743,,0,1,
808,ProjectQueue,202,Deliverable,exit,2058114.9645790532,2023-11-30 05:54:57.874743,,1,0,0.0
809,ProjectQueue,203,Deliverable,entry,2058918.156255027,2023-11-30 19:18:09.375302,,0,1,
810,ProjectQueue,203,Deliverable,exit,2058918.156255027,2023-11-30 19:18:09.375302,,1,0,0.0
811,ProjectQueue,203,Deliverable,entry,2058918.156255027,2023-11-30 19:18:09.375302,,0,1,
812,ProjectQueue,203,Deliverable,exit,2058918.156255027,2023-11-30 19:18:09.375302,,1,0,0.0
813,ProjectQueue,204,Deliverable,entry,2061093.156988315,2023-12-02 07:33:09.419299,,0,1,
814,ProjectQueue,204,Deliverable,exit,2061093.156988315,2023-12-02 07:33:09.419299,,1,0,0.0
815,ProjectQueue,204,Deliverable,entry,2061093.156988315,2023-12-02 07:33:09.419299,,0,1,
816,ProjectQueue,204,Deliverable,exit,2061093.156988315,2023-12-02 07:33:09.419299,,1,0,0.0
817,ProjectQueue,205,Deliverable,entry,2077250.5897335282,2023-12-13 12:50:35.384012,,0,1,
818,ProjectQueue,205,Deliverable,exit,2077250.5897335282,2023-12-13 12:50:35.384012,,1,0,0.0
819,ProjectQueue,205,Deliverable,entry,2077250.5897335282,2023-12-13 12:50:35.384012,,0,1,
820,ProjectQueue,205,Deliverable,exit,2077250.5897335282,2023-12-13 12:50:35.384012,,1,0,0.0
821,ProjectQueue,206,Deliverable,entry,2083891.749550625,2023-12-18 03:31:44.973037,,0,1,
822,ProjectQueue,206,Deliverable,exit,2083891.749550625,2023-12-18 03:31:44.973037,,1,0,0.0
823,ProjectQueue,206,Deliverable,entry,2083891.749550625,2023-12-18 03:31:44.973037,,0,1,
824,ProjectQueue,206,Deliverable,exit,2083891.749550625,2023-12-18 03:31:44.973037,,1,0,0.0
825,ProjectQueue,207,Deliverable,entry,2084455.1741288865,2023-12-18 12:55:10.447733,,0,1,
826,ProjectQueue,207,Deliverable,exit,2084455.1741288865,2023-12-18 12:55:10.447733,,1,0,0.0
827,ProjectQueue,207,Deliverable,entry,2084455.1741288865,2023-12-18 12:55:10.447733,,0,1,
828,ProjectQueue,207,Deliverable,exit,2084455.1741288865,2023-12-18 12:55:10.447733,,1,0,0.0
829,ProjectQueue,208,Deliverable,entry,2102368.9161444637,2023-12-30 23:28:54.968668,,0,1,
830,ProjectQueue,208,Deliverable,exit,2102368.9161444637,2023-12-30 23:28:54.968668,,1,0,0.0
831,ProjectQueue,208,Deliverable,entry,2102368.9161444637,2023-12-30 23:28:54.968668,,0,1,
832,ProjectQueue,208,Deliverable,exit,2102368.9161444637,2023-12-30 23:28:54.968668,,1,0,0.0
833,ProjectQueue,209,Deliverable,entry,2106338.9706949694,2024-01-02 17:38:58.241698,,0,1,
834,ProjectQueue,209,Deliverable,exit,2106338.9706949694,2024-01-02 17:38:58.241698,,1,0,0.0
835,ProjectQueue,209,Deliverable,entry,2106338.9706949694,2024-01-02 17:38:58.241698,,0,1,
836,ProjectQueue,209,Deliverable,exit,2106338.9706949694,2024-01-02 17:38:58.241698,,1,0,0.0
837,ProjectQueue,210,Deliverable,entry,2113064.4786369773,2024-01-07 09:44:28.718219,,0,1,
838,ProjectQueue,210,Deliverable,exit,2113064.4786369773,2024-01-07 09:44:28.718219,,1,0,0.0
839,ProjectQueue,210,Deliverable,entry,2113064.4786369773,2024-01-07 09:44:28.718219,,0,1,
840,ProjectQueue,210,Deliverable,exit,2113064.4786369773,2024-01-07 09:44:28.718219,,1,0,0.0
841,ProjectQueue,211,Deliverable,entry,2118305.8209702373,2024-01-11 01:05:49.258214,,0,1,
842,ProjectQueue,211,Deliverable,exit,2118305.8209702373,2024-01-11 01:05:49.258214,,1,0,0.0
843,ProjectQueue,211,Deliverable,entry,2118305.8209702373,2024-01-11 01:05:49.258214,,0,1,
844,ProjectQueue,211,Deliverable,exit,2118305.8209702373,2024-01-11 01:05:49.258214,,1,0,0.0
845,ProjectQueue,212,Deliverable,entry,2131395.044667797,2024-01-20 03:15:02.680068,,0,1,
846,ProjectQueue,212,Deliverable,exit,2131395.044667797,2024-01-20 03:15:02.680068,,1,0,0.0
847,ProjectQueue,212,Deliverable,entry,2131395.044667797,2024-01-20 03:15:02.680068,,0,1,
848,ProjectQueue,212,Deliverable,exit,2131395.044667797,2024-01-20 03:15:02.680068,,1,0,0.0
849,ProjectQueue,213,Deliverable,entry,2137457.553773109,2024-01-24 08:17:33.226387,,0,1,
850,ProjectQueue,213,Deliverable,exit,2137457.553773109,2024-01-24 08:17:33.226387,,1,0,0.0
851,ProjectQueue,213,Deliverable,entry,2137457.553773109,2024-01-24 08:17:33.226387,,0,1,
852,ProjectQueue,213,Deliverable,exit,2137457.553773109,2024-01-24 08:17:33.226387,,1,0,0.0
853,ProjectQueue,214,Deliverable,entry,2143531.2940662913,2024-01-28 13:31:17.643977,,0,1,
854,ProjectQueue,214,Deliverable,exit,2143531.2940662913,2024-01-28 13:31:17.643977,,1,0,0.0
855,ProjectQueue,214,Deliverable,entry,2143531.2940662913,2024-01-28 13:31:17.643977,,0,1,
856,ProjectQueue,214,Deliverable,exit,2143531.2940662913,2024-01-28 13:31:17.643977,,1,0,0.0
857,ProjectQueue,215,Deliverable,entry,2143712.992295,2024-01-28 16:32:59.537700,,0,1,
858,ProjectQueue,215,Deliverable,exit,2143712.992295,2024-01-28 16:32:59.537700,,1,0,0.0
859,ProjectQueue,215,Deliverable,entry,2143712.992295,2024-01-28 16:32:59.537700,,0,1,
860,ProjectQueue,215,Deliverable,exit,2143712.992295,2024-01-28 16:32:59.537700,,1,0,0.0
861,ProjectQueue,216,Deliverable,entry,2149449.984879642,2024-02-01 16:09:59.092779,,0,1,
862,ProjectQueue,216,Deliverable,exit,2149449.984879642,2024-02-01 16:09:59.092779,,1,0,0.0
863,ProjectQueue,216,Deliverable,entry,2149449.984879642,2024-02-01 16:09:59.092779,,0,1,
864,ProjectQueue,216,Deliverable,exit,2149449.984879642,2024-02-01 16:09:59.092779,,1,0,0.0
865,ProjectQueue,217,Deliverable,entry,2165629.632970473,2024-02-12 21:49:37.978228,,0,1,
866,ProjectQueue,217,Deliverable,exit,2165629.632970473,2024-02-12 21:49:37.978228,,1,0,0.0
867,ProjectQueue,217,Deliverable,entry,2165629.632970473,2024-02-12 21:49:37.978228,,0,1,
868,ProjectQueue,217,Deliverable,exit,2165629.632970473,2024-02-12 21:49:37.978228,,1,0,0.0
869,ProjectQueue,218,Deliverable,entry,2174824.088643344,2024-02-19 07:04:05.318601,,0,1,
870,ProjectQueue,218,Deliverable,exit,2174824.088643344,2024-02-19 07:04:05.318601,,1,0,0.0
871,ProjectQueue,218,Deliverable,entry,2174824.088643344,2024-02-19 07:04:05.318601,,0,1,
872,ProjectQueue,218,Deliverable,exit,2174824.088643344,2024-02-19 07:04:05.318601,,1,0,0.0
873,ProjectQueue,219,Deliverable,entry,2182348.632195543,2024-02-24 12:28:37.931733,,0,1,
874,ProjectQueue,219,Deliverable,exit,2182348.632195543,2024-02-24 12:28:37.931733,,1,0,0.0
875,ProjectQueue,219,Deliverable,entry,2182348.632195543,2024-02-24 12:28:37.931733,,0,1,
876,ProjectQueue,219,Deliverable,exit,2182348.632195543,2024-02-24 12:28:37.931733,,1,0,0.0
877,ProjectQueue,220,Deliverable,entry,2182933.545692286,2024-02-24 22:13:32.741537,,0,1,
878,ProjectQueue,220,Deliverable,exit,2182933.545692286,2024-02-24 22:13:32.741537,,1,0,0.0
879,ProjectQueue,220,Deliverable,entry,2182933.545692286,2024-02-24 22:13:32.741537,,0,1,
880,ProjectQueue,220,Deliverable,exit,2182933.545692286,2024-02-24 22:13:32.741537,,1,0,0.0
881,ProjectQueue,221,Deliverable,entry,2185139.6843414935,2024-02-26 10:59:41.060490,,0,1,
882,ProjectQueue,221,Deliverable,exit,2185139.6843414935,2024-02-26 10:59:41.060490,,1,0,0.0
883,ProjectQueue,221,Deliverable,entry,2185139.6843414935,2024-02-26 10:59:41.060490,,0,1,
884,ProjectQueue,221,Deliverable,exit,2185139.6843414935,2024-02-26 10:59:41.060490,,1,0,0.0
885,ProjectQueue,222,Deliverable,entry,2191192.6949512097,2024-03-01 15:52:41.697073,,0,1,
886,ProjectQueue,222,Deliverable,exit,2191192.6949512097,2024-03-01 15:52:41.697073,,1,0,0.0
887,ProjectQueue,222,Deliverable,entry,2191192.6949512097,2024-03-01 15:52:41.697073,,0,1,
888,ProjectQueue,222,Deliverable,exit,2191192.6949512097,2024-03-01 15:52:41.697073,,1,0,0.0
889,ProjectQueue,223,Deliverable,entry,2194072.7595816376,2024-03-03 15:52:45.574898,,0,1,
890,ProjectQueue,223,Deliverable,exit,2194072.7595816376,2024-03-03 15:52:45.574898,,1,0,0.0
891,ProjectQueue,223,Deliverable,entry,2194072.7595816376,2024-03-03 15:52:45.574898,,0,1,
892,ProjectQueue,223,Deliverable,exit,2194072.7595816376,2024-03-03 15:52:45.574898,,1,0,0.0
893,ProjectQueue,224,Deliverable,entry,2204325.19329991,2024-03-10 18:45:11.597995,,0,1,
894,ProjectQueue,224,Deliverable,exit,2204325.19329991,2024-03-10 18:45:11.597995,,1,0,0.0
895,ProjectQueue,224,Deliverable,entry,2204325.19329991,2024-03-10 18:45:11.597995,,0,1,
896,ProjectQueue,224,Deliverable,exit,2204325.19329991,2024-03-10 18:45:11.597995,,1,0,0.0
897,ProjectQueue,225,Deliverable,entry,2211298.325320293,2024-03-15 14:58:19.519218,,0,1,
898,ProjectQueue,225,Deliverable,exit,2211298.325320293,2024-03-15 14:58:19.519218,,1,0,0.0
899,ProjectQueue,225,Deliverable,entry,2211298.325320293,2024-03-15 14:58:19.519218,,0,1,
900,ProjectQueue,225,Deliverable,exit,2211298.325320293,2024-03-15 14:58:19.519218,,1,0,0.0
901,ProjectQueue,226,Deliverable,entry,2214116.4715628996,2024-03-17 13:56:28.293774,,0,1,
902,ProjectQueue,226,Deliverable,exit,2214116.4715628996,2024-03-17 13:56:28.293774,,1,0,0.0
903,ProjectQueue,226,Deliverable,entry,2214116.4715628996,2024-03-17 13:56:28.293774,,0,1,
904,ProjectQueue,226,Deliverable,exit,2214116.4715628996,2024-03-17 13:56:28.293774,,1,0,0.0
905,ProjectQueue,227,Deliverable,entry,2237496.21671168,2024-04-02 19:36:13.002701,,0,1,
906,ProjectQueue,227,Deliverable,exit,2237496.21671168,2024-04-02 19:36:13.002701,,1,0,0.0
907,ProjectQueue,227,Deliverable,entry,2237496.21671168,2024-04-02 19:36:13.002701,,0,1,
908,ProjectQueue,227,Deliverable,exit,2237496.21671168,2024-04-02 19:36:13.002701,,1,0,0.0
909,ProjectQueue,228,Deliverable,entry,2240219.7165428717,2024-04-04 16:59:42.992572,,0,1,
910,ProjectQueue,228,Deliverable,exit,2240219.7165428717,2024-04-04 16:59:42.992572,,1,0,0.0
911,ProjectQueue,228,Deliverable,entry,2240219.7165428717,2024-04-04 16:59:42.992572,,0,1,
912,ProjectQueue,228,Deliverable,exit,2240219.7165428717,2024-04-04 16:59:42.992572,,1,0,0.0
913,ProjectQueue,229,Deliverable,entry,2247985.354049783,2024-04-10 02:25:21.242987,,0,1,
914,ProjectQueue,229,Deliverable,exit,2247985.354049783,2024-04-10 02:25:21.242987,,1,0,0.0
915,ProjectQueue,229,Deliverable,entry,2247985.354049783,2024-04-10 02:25:21.242987,,0,1,
916,ProjectQueue,229,Deliverable,exit,2247985.354049783,2024-04-10 02:25:21.242987,,1,0,0.0
917,ProjectQueue,230,Deliverable,entry,2264192.2543964325,2024-04-21 08:32:15.263786,,0,1,
918,ProjectQueue,230,Deliverable,exit,2264192.2543964325,2024-04-21 08:32:15.263786,,1,0,0.0
919,ProjectQueue,230,Deliverable,entry,2264192.2543964325,2024-04-21 08:32:15.263786,,0,1,
920,ProjectQueue,230,Deliverable,exit,2264192.2543964325,2024-04-21 08:32:15.263786,,1,0,0.0
921,ProjectQueue,231,Deliverable,entry,2270012.448665045,2024-04-25 09:32:26.919903,,0,1,
922,ProjectQueue,231,Deliverable,exit,2270012.448665045,2024-04-25 09:32:26.919903,,1,0,0.0
923,ProjectQueue,231,Deliverable,entry,2270012.448665045,2024-04-25 09:32:26.919903,,0,1,
924,ProjectQueue,231,Deliverable,exit,2270012.448665045,2024-04-25 09:32:26.919903,,1,0,0.0
925,ProjectQueue,232,Deliverable,entry,2296618.824036032,2024-05-13 20:58:49.442162,,0,1,
926,ProjectQueue,232,Deliverable,exit,2296618.824036032,2024-05-13 20:58:49.442162,,1,0,0.0
927,ProjectQueue,232,Deliverable,entry,2296618.824036032,2024-05-13 20:58:49.442162,,0,1,
928,ProjectQueue,232,Deliverable,exit,2296618.824036032,2024-05-13 20:58:49.442162,,1,0,0.0
929,ProjectQueue,233,Deliverable,entry,2312737.603432079,2024-05-25 01:37:36.205925,,0,1,
930,ProjectQueue,233,Deliverable,exit,2312737.603432079,2024-05-25 01:37:36.205925,,1,0,0.0
931,ProjectQueue,233,Deliverable,entry,2312737.603432079,2024-05-25 01:37:36.205925,,0,1,
932,ProjectQueue,233,Deliverable,exit,2312737.603432079,2024-05-25 01:37:36.205925,,1,0,0.0
933,ProjectQueue,234,Deliverable,entry,2316401.8013346014,2024-05-27 14:41:48.080076,,0,1,
934,ProjectQueue,234,Deliverable,exit,2316401.8013346014,2024-05-27 14:41:48.080076,,1,0,0.0
935,ProjectQueue,234,Deliverable,entry,2316401.8013346014,2024-05-27 14:41:48.080076,,0,1,
936,ProjectQueue,234,Deliverable,exit,2316401.8013346014,2024-05-27 14:41:48.080076,,1,0,0.0
937,ProjectQueue,235,Deliverable,entry,2345693.32332783,2024-06-16 22:53:19.399670,,0,1,
938,ProjectQueue,235,Deliverable,exit,2345693.32332783,2024-06-16 22:53:19.399670,,1,0,0.0
939,ProjectQueue,235,Deliverable,entry,2345693.32332783,2024-06-16 22:53:19.399670,,0,1,
940,ProjectQueue,235,Deliverable,exit,2345693.32332783,2024-06-16 22:53:19.399670,,1,0,0.0
941,ProjectQueue,236,Deliverable,entry,2369158.6790340613,2024-07-03 05:58:40.742044,,0,1,
942,ProjectQueue,236,Deliverable,exit,2369158.6790340613,2024-07-03 05:58:40.742044,,1,0,0.0
943,ProjectQueue,236,Deliverable,entry,2369158.6790340613,2024-07-03 05:58:40.742044,,0,1,
944,ProjectQueue,236,Deliverable,exit,2369158.6790340613,2024-07-03 05:58:40.742044,,1,0,0.0
945,ProjectQueue,237,Deliverable,entry,2383930.681628494,2024-07-13 12:10:40.897710,,0,1,
946,ProjectQueue,237,Deliverable,exit,2383930.681628494,2024-07-13 12:10:40.897710,,1,0,0.0
947,ProjectQueue,237,Deliverable,entry,2383930.681628494,2024-07-13 12:10:40.897710,,0,1,
948,ProjectQueue,237,Deliverable,exit,2383930.681628494,2024-07-13 12:10:40.897710,,1,0,0.0
949,ProjectQueue,238,Deliverable,entry,2391844.101008971,2024-07-19 00:04:06.060538,,0,1,
950,ProjectQueue,238,Deliverable,exit,2391844.101008971,2024-07-19 00:04:06.060538,,1,0,0.0
951,ProjectQueue,238,Deliverable,entry,2391844.101008971,2024-07-19 00:04:06.060538,,0,1,
952,ProjectQueue,238,Deliverable,exit,2391844.101008971,2024-07-19 00:04:06.060538,,1,0,0.0
953,ProjectQueue,239,Deliverable,entry,2406898.8989724303,2024-07-29 10:58:53.938346,,0,1,
954,ProjectQueue,239,Deliverable,exit,2406898.8989724303,2024-07-29 10:58:53.938346,,1,0,0.0
955,ProjectQueue,239,Deliverable,entry,2406898.8989724303,2024-07-29 10:58:53.938346,,0,1,
956,ProjectQueue,239,Deliverable,exit,2406898.8989724303,2024-07-29 10:58:53.938346,,1,0,0.0
957,ProjectQueue,240,Deliverable,entry,2407778.2594318553,2024-07-30 01:38:15.565911,,0,1,
958,ProjectQueue,240,Deliverable,exit,2407778.2594318553,2024-07-30 01:38:15.565911,,1,0,0.0
959,ProjectQueue,240,Deliverable,entry,2407778.2594318553,2024-07-30 01:38:15.565911,,0,1,
960,ProjectQueue,240,Deliverable,exit,2407778.2594318553,2024-07-30 01:38:15.565911,,1,0,0.0
961,ProjectQueue,241,Deliverable,entry,2415321.929650758,2024-08-04 07:21:55.779045,,0,1,
962,ProjectQueue,241,Deliverable,exit,2415321.929650758,2024-08-04 07:21:55.779045,,1,0,0.0
963,ProjectQueue,241,Deliverable,entry,2415321.929650758,2024-08-04 07:21:55.779045,,0,1,
964,ProjectQueue,241,Deliverable,exit,2415321.929650758,2024-08-04 07:21:55.779045,,1,0,0.0
965,ProjectQueue,242,Deliverable,entry,2421609.999378644,2024-08-08 16:09:59.962719,,0,1,
966,ProjectQueue,242,Deliverable,exit,2421609.999378644,2024-08-08 16:09:59.962719,,1,0,0.0
967,ProjectQueue,242,Deliverable,entry,2421609.999378644,2024-08-08 16:09:59.962719,,0,1,
968,ProjectQueue,242,Deliverable,exit,2421609.999378644,2024-08-08 16:09:59.962719,,1,0,0.0
969,ProjectQueue,243,Deliverable,entry,2430849.821932716,2024-08-15 02:09:49.315963,,0,1,
970,ProjectQueue,243,Deliverable,exit,2430849.821932716,2024-08-15 02:09:49.315963,,1,0,0.0
971,ProjectQueue,243,Deliverable,entry,2430849.821932716,2024-08-15 02:09:49.315963,,0,1,
972,ProjectQueue,243,Deliverable,exit,2430849.821932716,2024-08-15 02:09:49.315963,,1,0,0.0
973,ProjectQueue,244,Deliverable,entry,2440479.881110259,2024-08-21 18:39:52.866616,,0,1,
974,ProjectQueue,244,Deliverable,exit,2440479.881110259,2024-08-21 18:39:52.866616,,1,0,0.0
975,ProjectQueue,244,Deliverable,entry,2440479.881110259,2024-08-21 18:39:52.866616,,0,1,
976,ProjectQueue,244,Deliverable,exit,2440479.881110259,2024-08-21 18:39:52.866616,,1,0,0.0
977,ProjectQueue,245,Deliverable,entry,2445061.1075200816,2024-08-24 23:01:06.451205,,0,1,
978,ProjectQueue,245,Deliverable,exit,2445061.1075200816,2024-08-24 23:01:06.451205,,1,0,0.0
979,ProjectQueue,245,Deliverable,entry,2445061.1075200816,2024-08-24 23:01:06.451205,,0,1,
980,ProjectQueue,245,Deliverable,exit,2445061.1075200816,2024-08-24 23:01:06.451205,,1,0,0.0
981,ProjectQueue,246,Deliverable,entry,2451693.576934453,2024-08-29 13:33:34.616067,,0,1,
982,ProjectQueue,246,Deliverable,exit,2451693.576934453,2024-08-29 13:33:34.616067,,1,0,0.0
983,ProjectQueue,246,Deliverable,entry,2451693.576934453,2024-08-29 13:33:34.616067,,0,1,
984,ProjectQueue,246,Deliverable,exit,2451693.576934453,2024-08-29 13:33:34.616067,,1,0,0.0
985,ProjectQueue,247,Deliverable,entry,2455853.5671683415,2024-09-01 10:53:34.030100,,0,1,
986,ProjectQueue,247,Deliverable,exit,2455853.5671683415,2024-09-01 10:53:34.030100,,1,0,0.0
987,ProjectQueue,247,Deliverable,entry,2455853.5671683415,2024-09-01 10:53:34.030100,,0,1,
988,ProjectQueue,247,Deliverable,exit,2455853.5671683415,2024-09-01 10:53:34.030100,,1,0,0.0
989,ProjectQueue,248,Deliverable,entry,2459113.3225619337,2024-09-03 17:13:19.353716,,0,1,
990,ProjectQueue,248,Deliverable,exit,2459113.3225619337,2024-09-03 17:13:19.353716,,1,0,0.0
991,ProjectQueue,248,Deliverable,entry,2459113.3225619337,2024-09-03 17:13:19.353716,,0,1,
992,ProjectQueue,248,Deliverable,exit,2459113.3225619337,2024-09-03 17:13:19.353716,,1,0,0.0
993,ProjectQueue,249,Deliverable,entry,2473830.4295730595,2024-09-13 22:30:25.774384,,0,1,
994,ProjectQueue,249,Deliverable,exit,2473830.4295730595,2024-09-13 22:30:25.774384,,1,0,0.0
995,ProjectQueue,249,Deliverable,entry,2473830.4295730595,2024-09-13 22:30:25.774384,,0,1,
996,ProjectQueue,249,Deliverable,exit,2473830.4295730595,2024-09-13 22:30:25.774384,,1,0,0.0
997,ProjectQueue,250,Deliverable,entry,2475002.6625047433,2024-09-14 18:02:39.750285,,0,1,
998,ProjectQueue,250,Deliverable,exit,2475002.6625047433,2024-09-14 18:02:39.750285,,1,0,0.0
999,ProjectQueue,250,Deliverable,entry,2475002.6625047433,2024-09-14 18:02:39.750285,,0,1,
1000,ProjectQueue,250,Deliverable,exit,2475002.6625047433,2024-09-14 18:02:39.750285,,1,0,0.0
1001,ProjectQueue,251,Deliverable,entry,2488473.8411894264,2024-09-24 02:33:50.471366,,0,1,
1002,ProjectQueue,251,Deliverable,exit,2488473.8411894264,2024-09-24 02:33:50.471366,,1,0,0.0
1003,ProjectQueue,251,Deliverable,entry,2488473.8411894264,2024-09-24 02:33:50.471366,,0,1,
1004,ProjectQueue,251,Deliverable,exit,2488473.8411894264,2024-09-24 02:33:50.471366,,1,0,0.0
1005,ProjectQueue,252,Deliverable,entry,2498428.9502296504,2024-10-01 00:28:57.013779,,0,1,
1006,ProjectQueue,252,Deliverable,exit,2498428.9502296504,2024-10-01 00:28:57.013779,,1,0,0.0
1007,ProjectQueue,252,Deliverable,entry,2498428.9502296504,2024-10-01 00:28:57.013779,,0,1,
1008,ProjectQueue,252,Deliverable,exit,2498428.9502296504,2024-10-01 00:28:57.013779,,1,0,0.0
1009,ProjectQueue,253,Deliverable,entry,2506120.8756717807,2024-10-06 08:40:52.540307,,0,1,
1010,ProjectQueue,253,Deliverable,exit,2506120.8756717807,2024-10-06 08:40:52.540307,,1,0,0.0
1011,ProjectQueue,253,Deliverable,entry,2506120.8756717807,2024-10-06 08:40:52.540307,,0,1,
1012,ProjectQueue,253,Deliverable,exit,2506120.8756717807,2024-10-06 08:40:52.540307,,1,0,0.0
1013,ProjectQueue,254,Deliverable,entry,2506850.0245299116,2024-10-06 20:50:01.471795,,0,1,
1014,ProjectQueue,254,Deliverable,exit,2506850.0245299116,2024-10-06 20:50:01.471795,,1,0,0.0
1015,ProjectQueue,254,Deliverable,entry,2506850.0245299116,2024-10-06 20:50:01.471795,,0,1,
1016,ProjectQueue,254,Deliverable,exit,2506850.0245299116,2024-10-06 20:50:01.471795,,1,0,0.0
1017,ProjectQueue,255,Deliverable,entry,2514927.981809834,2024-10-12 11:27:58.908590,,0,1,
1018,ProjectQueue,255,Deliverable,exit,2514927.981809834,2024-10-12 11:27:58.908590,,1,0,0.0
1019,ProjectQueue,255,Deliverable,entry,2514927.981809834,2024-10-12 11:27:58.908590,,0,1,
1020,ProjectQueue,255,Deliverable,exit,2514927.981809834,2024-10-12 11:27:58.908590,,1,0,0.0
1021,ProjectQueue,256,Deliverable,entry,2526137.3608741118,2024-10-20 06:17:21.652447,,0,1,
1022,ProjectQueue,256,Deliverable,exit,2526137.3608741118,2024-10-20 06:17:21.652447,,1,0,0.0
1023,ProjectQueue,256,Deliverable,entry,2526137.3608741118,2024-10-20 06:17:21.652447,,0,1,
1024,ProjectQueue,256,Deliverable,exit,2526137.3608741118,2024-10-20 06:17:21.652447,,1,0,0.0
1025,ProjectQueue,257,Deliverable,entry,2532074.244732519,2024-10-24 09:14:14.683951,,0,1,
1026,ProjectQueue,257,Deliverable,exit,2532074.244732519,2024-10-24 09:14:14.683951,,1,0,0.0
1027,ProjectQueue,257,Deliverable,entry,2532074.244732519,2024-10-24 09:14:14.683951,,0,1,
1028,ProjectQueue,257,Deliverable,exit,2532074.244732519,2024-10-24 09:14:14.683951,,1,0,0.0
1029,ProjectQueue,258,Deliverable,entry,2540957.5850779973,2024-10-30 13:17:35.104680,,0,1,
1030,ProjectQueue,258,Deliverable,exit,2540957.5850779973,2024-10-30 13:17:35.104680,,1,0,0.0
1031,ProjectQueue,258,Deliverable,entry,2540957.5850779973,2024-10-30 13:17:35.104680,,0,1,
1032,ProjectQueue,258,Deliverable,exit,2540957.5850779973,2024-10-30 13:17:35.104680,,1,0,0.0
1033,ProjectQueue,259,Deliverable,entry,2552396.483666996,2024-11-07 11:56:29.020020,,0,1,
1034,ProjectQueue,259,Deliverable,exit,2552396.483666996,2024-11-07 11:56:29.020020,,1,0,0.0
1035,ProjectQueue,259,Deliverable,entry,2552396.483666996,2024-11-07 11:56:29.020020,,0,1,
1036,ProjectQueue,259,Deliverable,exit,2552396.483666996,2024-11-07 11:56:29.020020,,1,0,0.0
1037,ProjectQueue,260,Deliverable,entry,2558184.3992885626,2024-11-11 12:24:23.957314,,0,1,
1038,ProjectQueue,260,Deliverable,exit,2558184.3992885626,2024-11-11 12:24:23.957314,,1,0,0.0
1039,ProjectQueue,260,Deliverable,entry,2558184.3992885626,2024-11-11 12:24:23.957314,,0,1,
1040,ProjectQueue,260,Deliverable,exit,2558184.3992885626,2024-11-11 12:24:23.957314,,1,0,0.0
1041,ProjectQueue,261,Deliverable,entry,2560217.107690018,2024-11-12 22:17:06.461401,,0,1,
1042,ProjectQueue,261,Deliverable,exit,2560217.107690018,2024-11-12 22:17:06.461401,,1,0,0.0
1043,ProjectQueue,261,Deliverable,entry,2560217.107690018,2024-11-12 22:17:06.461401,,0,1,
1044,ProjectQueue,261,Deliverable,exit,2560217.107690018,2024-11-12 22:17:06.461401,,1,0,0.0
1045,ProjectQueue,262,Deliverable,entry,2577794.108347756,2024-11-25 03:14:06.500865,,0,1,
1046,ProjectQueue,262,Deliverable,exit,2577794.108347756,2024-11-25 03:14:06.500865,,1,0,0.0
1047,ProjectQueue,262,Deliverable,entry,2577794.108347756,2024-11-25 03:14:06.500865,,0,1,
1048,ProjectQueue,262,Deliverable,exit,2577794.108347756,2024-11-25 03:14:06.500865,,1,0,0.0
1049,ProjectQueue,263,Deliverable,entry,2580303.1423023865,2024-11-26 21:03:08.538143,,0,1,
1050,ProjectQueue,263,Deliverable,exit,2580303.1423023865,2024-11-26 21:03:08.538143,,1,0,0.0
1051,ProjectQueue,263,Deliverable,entry,2580303.1423023865,2024-11-26 21:03:08.538143,,0,1,
1052,ProjectQueue,263,Deliverable,exit,2580303.1423023865,2024-11-26 21:03:08.538143,,1,0,0.0
1053,ProjectQueue,264,Deliverable,entry,2584630.7653845786,2024-11-29 21:10:45.923075,,0,1,
1054,ProjectQueue,264,Deliverable,exit,2584630.7653845786,2024-11-29 21:10:45.923075,,1,0,0.0
1055,ProjectQueue,264,Deliverable,entry,2584630.7653845786,2024-11-29 21:10:45.923075,,0,1,
1056,ProjectQueue,264,Deliverable,exit,2584630.7653845786,2024-11-29 21:10:45.923075,,1,0,0.0
1057,ProjectQueue,265,Deliverable,entry,2617469.8143796823,2024-12-22 16:29:48.862781,,0,1,
1058,ProjectQueue,265,Deliverable,exit,2617469.8143796823,2024-12-22 16:29:48.862781,,1,0,0.0
1059,ProjectQueue,265,Deliverable,entry,2617469.8143796823,2024-12-22 16:29:48.862781,,0,1,
1060,ProjectQueue,265,Deliverable,exit,2617469.8143796823,2024-12-22 16:29:48.862781,,1,0,0.0
