id,event_flow,event_id,entity_id,entity_table,start_time,end_time,duration,start_datetime,end_datetime
1,Project_Lifecycle,1,1,Deliverable,20272.38148700031,47430.44982493142,27158.06833793111,2020-01-15 01:52:22.889220,2020-02-02 22:30:26.989496
2,Project_Lifecycle,2,2,Deliverable,47430.44982493142,72325.12059767338,24894.670772741956,2020-02-02 22:30:26.989496,2020-02-20 05:25:07.235860
3,Project_Lifecycle,3,3,Deliverable,59711.499810121495,91525.6956857093,31814.195875587808,2020-02-11 11:11:29.988607,2020-03-04 13:25:41.741143
4,Project_Lifecycle,4,4,Deliverable,72325.12059767338,108913.80007810338,36588.67948043,2020-02-20 05:25:07.235860,2020-03-16 15:13:48.004686
5,Project_Lifecycle,5,5,Deliverable,91525.6956857093,125956.97980764319,34431.28412193389,2020-03-04 13:25:41.741143,2020-03-28 11:16:58.788459
6,Project_Lifecycle,6,6,Deliverable,108913.80007810338,145545.58898717555,36631.78890907217,2020-03-16 15:13:48.004686,2020-04-11 01:45:35.339231
7,Project_Lifecycle,7,7,Deliverable,125956.97980764319,163202.31725068486,37245.33744304167,2020-03-28 11:16:58.788459,2020-04-23 08:02:19.035041
8,Project_Lifecycle,8,8,Deliverable,163202.31725068486,191594.57993529848,28392.26268461361,2020-04-23 08:02:19.035041,2020-05-13 01:14:34.796118
9,Project_Lifecycle,9,9,Deliverable,188174.8124896209,212638.41615122525,24463.603661604342,2020-05-10 16:14:48.749377,2020-05-27 15:58:24.969074
10,Project_Lifecycle,10,10,Deliverable,212638.41615122525,234599.90959326585,21961.493442040606,2020-05-27 15:58:24.969074,2020-06-11 21:59:54.575596
11,Project_Lifecycle,11,11,Deliverable,234599.90959326585,268701.5290264167,34101.61943315086,2020-06-11 21:59:54.575596,2020-07-05 14:21:31.741585
12,Project_Lifecycle,12,12,Deliverable,268701.5290264167,292355.7543213355,23654.22529491881,2020-07-05 14:21:31.741585,2020-07-22 00:35:45.259280
13,Project_Lifecycle,13,13,Deliverable,273336.9152748297,305206.19081522163,31869.275540391915,2020-07-08 19:36:54.916490,2020-07-30 22:46:11.448913
14,Project_Lifecycle,14,14,Deliverable,305206.19081522163,325583.11920686427,20376.928391642636,2020-07-30 22:46:11.448913,2020-08-14 02:23:07.152412
15,Project_Lifecycle,16,16,Deliverable,325583.11920686427,352565.39113398263,26982.27192711836,2020-08-14 02:23:07.152412,2020-09-01 20:05:23.468039
16,Project_Lifecycle,15,15,Deliverable,308334.63325648685,358159.8512559321,49825.217999445274,2020-08-02 02:54:37.995389,2020-09-05 17:19:51.075356
17,Project_Lifecycle,17,17,Deliverable,329908.1731286159,361254.9938914237,31346.820762807794,2020-08-17 02:28:10.387717,2020-09-07 20:54:59.633485
18,Project_Lifecycle,18,18,Deliverable,346373.69032642286,376328.31010373763,29954.619777314772,2020-08-28 12:53:41.419585,2020-09-18 08:08:18.606224
19,Project_Lifecycle,19,19,Deliverable,352565.39113398263,378955.81939266215,26390.428258679516,2020-09-01 20:05:23.468039,2020-09-20 03:55:49.163560
20,Project_Lifecycle,22,22,Deliverable,361388.3723667614,386367.03426350787,24978.66189674649,2020-09-07 23:08:22.342006,2020-09-25 07:27:02.055810
21,Project_Lifecycle,23,23,Deliverable,376328.31010373763,397352.8880242431,21024.577920505486,2020-09-18 08:08:18.606224,2020-10-02 22:32:53.281455
22,Project_Lifecycle,21,21,Deliverable,361254.9938914237,397462.1089301788,36207.11503875512,2020-09-07 20:54:59.633485,2020-10-03 00:22:06.535811
23,Project_Lifecycle,20,20,Deliverable,358159.8512559321,398216.5867907844,40056.735534852254,2020-09-05 17:19:51.075356,2020-10-03 12:56:35.207447
24,Project_Lifecycle,24,24,Deliverable,386367.03426350787,417045.4898347514,30678.45557124354,2020-09-25 07:27:02.055810,2020-10-16 14:45:29.390085
25,Project_Lifecycle,27,27,Deliverable,398216.5867907844,423638.32714787964,25421.74035709526,2020-10-03 12:56:35.207447,2020-10-21 04:38:19.628873
26,Project_Lifecycle,26,26,Deliverable,397462.1089301788,424357.49473993503,26895.385809756233,2020-10-03 00:22:06.535811,2020-10-21 16:37:29.684396
27,Project_Lifecycle,25,25,Deliverable,397352.8880242431,433964.81938798714,36611.93136374402,2020-10-02 22:32:53.281455,2020-10-28 08:44:49.163279
28,Project_Lifecycle,28,28,Deliverable,412824.13842369296,440830.21777622006,28006.0793525271,2020-10-13 16:24:08.305422,2020-11-02 03:10:13.066573
29,Project_Lifecycle,29,29,Deliverable,417045.4898347514,442251.6344724896,25206.14463773818,2020-10-16 14:45:29.390085,2020-11-03 02:51:38.068349
30,Project_Lifecycle,30,30,Deliverable,423638.32714787964,453814.84441490984,30176.517267030198,2020-10-21 04:38:19.628873,2020-11-11 03:34:50.664895
31,Project_Lifecycle,32,32,Deliverable,433964.81938798714,460767.6709278448,26802.851539857686,2020-10-28 08:44:49.163279,2020-11-15 23:27:40.255671
32,Project_Lifecycle,31,31,Deliverable,424357.49473993503,462908.8459764793,38551.35123654426,2020-10-21 16:37:29.684396,2020-11-17 11:08:50.758589
33,Project_Lifecycle,33,33,Deliverable,437031.50075159426,467772.9999361302,30741.499184535933,2020-10-30 11:51:30.045096,2020-11-20 20:12:59.996168
34,Project_Lifecycle,34,34,Deliverable,440830.21777622006,478151.448782001,37321.23100578092,2020-11-02 03:10:13.066573,2020-11-28 01:11:26.926920
35,Project_Lifecycle,35,35,Deliverable,453814.84441490984,489396.978133922,35582.13371901214,2020-11-11 03:34:50.664895,2020-12-05 20:36:58.688035
36,Project_Lifecycle,37,37,Deliverable,467772.9999361302,500394.0439469905,32621.04401086032,2020-11-20 20:12:59.996168,2020-12-13 11:54:02.636819
37,Project_Lifecycle,38,38,Deliverable,478151.448782001,500462.4350671018,22310.986285100807,2020-11-28 01:11:26.926920,2020-12-13 13:02:26.104026
38,Project_Lifecycle,36,36,Deliverable,466342.9214765059,503650.06258896244,37307.141112456564,2020-11-19 20:22:55.288590,2020-12-15 18:10:03.755338
39,Project_Lifecycle,39,39,Deliverable,488662.08544079255,511448.3407193731,22786.25527858053,2020-12-05 08:22:05.126448,2020-12-21 04:08:20.443162
40,Project_Lifecycle,40,40,Deliverable,500394.0439469905,512945.4651375735,12551.421190582972,2020-12-13 11:54:02.636819,2020-12-22 05:05:27.908254
41,Project_Lifecycle,43,43,Deliverable,511448.3407193731,523668.47216340515,12220.131444032071,2020-12-21 04:08:20.443162,2020-12-29 15:48:28.329804
42,Project_Lifecycle,41,41,Deliverable,500462.4350671018,527908.3369005604,27445.90183345863,2020-12-13 13:02:26.104026,2021-01-01 14:28:20.214034
43,Project_Lifecycle,42,42,Deliverable,503650.06258896244,529077.5684171789,25427.505828216497,2020-12-15 18:10:03.755338,2021-01-02 09:57:34.105031
44,Project_Lifecycle,46,46,Deliverable,523668.47216340515,542309.2317717276,18640.759608322405,2020-12-29 15:48:28.329804,2021-01-11 14:29:13.906304
45,Project_Lifecycle,44,44,Deliverable,512945.4651375735,548114.8889887707,35169.42385119718,2020-12-22 05:05:27.908254,2021-01-15 15:14:53.339326
46,Project_Lifecycle,45,45,Deliverable,516412.9507599254,566696.1482090466,50283.19744912116,2020-12-24 14:52:57.045596,2021-01-28 12:56:08.892543
47,Project_Lifecycle,47,47,Deliverable,529077.5684171789,566768.9990921592,37691.43067498028,2021-01-02 09:57:34.105031,2021-01-28 14:08:59.945530
48,Project_Lifecycle,49,49,Deliverable,551562.6489862102,570050.6788143249,18488.029828114668,2021-01-18 00:42:38.939173,2021-01-30 20:50:40.728859
49,Project_Lifecycle,48,48,Deliverable,542309.2317717276,573738.6313085958,31429.399536868208,2021-01-11 14:29:13.906304,2021-02-02 10:18:37.878516
50,Project_Lifecycle,51,51,Deliverable,566768.9990921592,598570.3985584363,31801.3994662771,2021-01-28 14:08:59.945530,2021-02-19 16:10:23.913506
51,Project_Lifecycle,50,50,Deliverable,566696.1482090466,598959.0913196576,32262.943110611057,2021-01-28 12:56:08.892543,2021-02-19 22:39:05.479179
52,Project_Lifecycle,52,52,Deliverable,570050.6788143249,603473.9188045819,33423.23999025696,2021-01-30 20:50:40.728859,2021-02-23 01:53:55.128275
53,Project_Lifecycle,53,53,Deliverable,588011.0746220916,628248.8669591817,40237.792337090126,2021-02-12 08:11:04.477325,2021-03-12 06:48:52.017551
54,Project_Lifecycle,54,54,Deliverable,598959.0913196576,628698.0445946839,29738.953275026288,2021-02-19 22:39:05.479179,2021-03-12 14:18:02.675681
55,Project_Lifecycle,55,55,Deliverable,603473.9188045819,645567.9789518777,42094.06014729582,2021-02-23 01:53:55.128275,2021-03-24 07:27:58.737113
56,Project_Lifecycle,56,56,Deliverable,628248.8669591817,651237.8235361767,22988.95657699497,2021-03-12 06:48:52.017551,2021-03-28 05:57:49.412171
57,Project_Lifecycle,57,57,Deliverable,628698.0445946839,664383.775893553,35685.73129886913,2021-03-12 14:18:02.675681,2021-04-06 09:03:46.553613
58,Project_Lifecycle,58,58,Deliverable,645567.9789518777,665634.2036654169,20066.22471353924,2021-03-24 07:27:58.737113,2021-04-07 05:54:12.219925
59,Project_Lifecycle,59,59,Deliverable,651237.8235361767,676993.2711138475,25755.4475776708,2021-03-28 05:57:49.412171,2021-04-15 03:13:16.266831
60,Project_Lifecycle,60,60,Deliverable,676993.2711138475,708979.4181782576,31986.14706441015,2021-04-15 03:13:16.266831,2021-05-07 08:19:25.090695
61,Project_Lifecycle,61,61,Deliverable,728238.1999842604,748361.0485432362,20122.84855897585,2021-05-20 17:18:11.999056,2021-06-03 16:41:02.912594
62,Project_Lifecycle,62,62,Deliverable,729975.9243563327,761631.1187472161,31655.19439088332,2021-05-21 22:15:55.461380,2021-06-12 21:51:07.124833
63,Project_Lifecycle,64,64,Deliverable,761631.1187472161,773981.9153777983,12350.79663058219,2021-06-12 21:51:07.124833,2021-06-21 11:41:54.922668
64,Project_Lifecycle,63,63,Deliverable,748361.0485432362,774930.0739852363,26569.02544200013,2021-06-03 16:41:02.912594,2021-06-22 03:30:04.439114
65,Project_Lifecycle,65,65,Deliverable,773981.9153777983,790299.4316098238,16317.516232025577,2021-06-21 11:41:54.922668,2021-07-02 19:39:25.896589
66,Project_Lifecycle,66,66,Deliverable,774930.0739852363,796476.8239973824,21546.750012146076,2021-06-22 03:30:04.439114,2021-07-07 02:36:49.439843
67,Project_Lifecycle,67,67,Deliverable,781456.4117828646,809007.9370505533,27551.525267688674,2021-06-26 16:16:24.706972,2021-07-15 19:27:56.223033
68,Project_Lifecycle,69,69,Deliverable,790299.4316098238,814484.8882638792,24185.456654055393,2021-07-02 19:39:25.896589,2021-07-19 14:44:53.295833
69,Project_Lifecycle,71,71,Deliverable,796571.0236218378,824144.6953679373,27573.671746099484,2021-07-07 04:11:01.417310,2021-07-26 07:44:41.722076
70,Project_Lifecycle,70,70,Deliverable,796476.8239973824,826657.221860622,30180.397863239632,2021-07-07 02:36:49.439843,2021-07-28 01:37:13.311637
71,Project_Lifecycle,68,68,Deliverable,789351.7469987583,832522.0662450461,43170.31924628781,2021-07-02 03:51:44.819925,2021-08-01 03:22:03.974703
72,Project_Lifecycle,72,72,Deliverable,809007.9370505533,833246.3123421426,24238.3752915893,2021-07-15 19:27:56.223033,2021-08-01 15:26:18.740529
73,Project_Lifecycle,73,73,Deliverable,824144.6953679373,857027.8316888114,32883.136320874095,2021-07-26 07:44:41.722076,2021-08-18 03:47:49.901329
74,Project_Lifecycle,76,76,Deliverable,833246.3123421426,861016.8863783636,27770.57403622102,2021-08-01 15:26:18.740529,2021-08-20 22:16:53.182702
75,Project_Lifecycle,75,75,Deliverable,832603.8559545487,869687.4757925835,37083.61983803485,2021-08-01 04:43:51.357273,2021-08-26 22:47:28.547555
76,Project_Lifecycle,74,74,Deliverable,832522.0662450461,870538.5630473656,38016.49680231954,2021-08-01 03:22:03.974703,2021-08-27 12:58:33.782842
77,Project_Lifecycle,77,77,Deliverable,846392.6846172543,874639.0129707204,28246.328353466117,2021-08-10 18:32:41.077035,2021-08-30 09:19:00.778243
78,Project_Lifecycle,78,78,Deliverable,847821.1752739737,877717.6535097514,29896.4782357777,2021-08-11 18:21:10.516438,2021-09-01 12:37:39.210585
79,Project_Lifecycle,80,80,Deliverable,861016.8863783636,883605.9303809677,22589.04400260409,2021-08-20 22:16:53.182702,2021-09-05 14:45:55.822858
80,Project_Lifecycle,79,79,Deliverable,857027.8316888114,888674.7857407872,31646.954051975743,2021-08-18 03:47:49.901329,2021-09-09 03:14:47.144447
81,Project_Lifecycle,84,84,Deliverable,876065.7175412703,894291.9122093517,18226.194668081356,2021-08-31 09:05:43.052476,2021-09-13 00:51:54.732561
82,Project_Lifecycle,85,85,Deliverable,877717.6535097514,896200.3970898491,18482.743580097682,2021-09-01 12:37:39.210585,2021-09-14 08:40:23.825391
83,Project_Lifecycle,81,81,Deliverable,869687.4757925835,900752.1160293348,31064.640236751293,2021-08-26 22:47:28.547555,2021-09-17 12:32:06.961760
84,Project_Lifecycle,86,86,Deliverable,888674.7857407872,903829.6515774913,15154.86583670415,2021-09-09 03:14:47.144447,2021-09-19 15:49:39.094649
85,Project_Lifecycle,82,82,Deliverable,870538.5630473656,907619.6104385572,37081.04739119159,2021-08-27 12:58:33.782842,2021-09-22 06:59:36.626313
86,Project_Lifecycle,88,88,Deliverable,896200.3970898491,924086.8554761556,27886.458386306535,2021-09-14 08:40:23.825391,2021-10-03 17:26:51.328569
87,Project_Lifecycle,83,83,Deliverable,874639.0129707204,926227.0875031096,51588.074532389175,2021-08-30 09:19:00.778243,2021-10-05 05:07:05.250187
88,Project_Lifecycle,87,87,Deliverable,894291.9122093517,926361.9642335243,32070.05202417262,2021-09-13 00:51:54.732561,2021-10-05 07:21:57.854011
89,Project_Lifecycle,89,89,Deliverable,900752.1160293348,927025.2896051838,26273.173575848923,2021-09-17 12:32:06.961760,2021-10-05 18:25:17.376311
90,Project_Lifecycle,90,90,Deliverable,907619.6104385572,939850.9083372407,32231.297898683464,2021-09-22 06:59:36.626313,2021-10-14 16:10:54.500234
91,Project_Lifecycle,92,92,Deliverable,926227.0875031096,948622.0171953881,22394.9296922785,2021-10-05 05:07:05.250187,2021-10-20 18:22:01.031723
92,Project_Lifecycle,91,91,Deliverable,924086.8554761556,949641.718007271,25554.8625311153,2021-10-03 17:26:51.328569,2021-10-21 11:21:43.080436
93,Project_Lifecycle,94,94,Deliverable,927025.2896051838,962459.8467764363,35434.557171252556,2021-10-05 18:25:17.376311,2021-10-30 08:59:50.806586
94,Project_Lifecycle,93,93,Deliverable,926361.9642335243,968346.0703699538,41984.10613642947,2021-10-05 07:21:57.854011,2021-11-03 11:06:04.222197
95,Project_Lifecycle,95,95,Deliverable,948622.0171953881,977042.6802417812,28420.663046393078,2021-10-20 18:22:01.031723,2021-11-09 12:02:40.814507
96,Project_Lifecycle,96,96,Deliverable,968346.0703699538,996603.7431607146,28257.672790760873,2021-11-03 11:06:04.222197,2021-11-23 02:03:44.589643
97,Project_Lifecycle,97,97,Deliverable,1118358.5867657312,1158059.4549831674,39700.86821743613,2022-02-15 15:18:35.205944,2022-03-15 04:59:27.298990
98,Project_Lifecycle,98,98,Deliverable,1158059.4549831674,1179554.7418571373,21495.286873969948,2022-03-15 04:59:27.298990,2022-03-30 03:14:44.511428
99,Project_Lifecycle,99,99,Deliverable,1166185.7020703438,1190319.3914351014,24133.68936475762,2022-03-20 20:25:42.124221,2022-04-06 14:39:23.486106
100,Project_Lifecycle,100,100,Deliverable,1179554.7418571373,1198267.4029136847,18712.661056547426,2022-03-30 03:14:44.511428,2022-04-12 03:07:24.174821
101,Project_Lifecycle,101,101,Deliverable,1190319.3914351014,1216908.1054026939,26588.713967592455,2022-04-06 14:39:23.486106,2022-04-25 01:48:06.324162
102,Project_Lifecycle,103,103,Deliverable,1208394.9035308026,1225657.5593968441,17262.655866041547,2022-04-19 03:54:54.211848,2022-05-01 03:37:33.563811
103,Project_Lifecycle,102,102,Deliverable,1198267.4029136847,1226805.648806644,28538.24589295918,2022-04-12 03:07:24.174821,2022-05-01 22:45:38.928399
104,Project_Lifecycle,104,104,Deliverable,1216908.1054026939,1242493.0928501084,25584.987447414547,2022-04-25 01:48:06.324162,2022-05-12 20:13:05.571007
105,Project_Lifecycle,106,106,Deliverable,1237235.229602487,1248819.7250990437,11584.495496556628,2022-05-09 04:35:13.776149,2022-05-17 05:39:43.505943
106,Project_Lifecycle,105,105,Deliverable,1225657.5593968441,1251839.2863993745,26181.72700253036,2022-05-01 03:37:33.563811,2022-05-19 07:59:17.183962
107,Project_Lifecycle,107,107,Deliverable,1242493.0928501084,1264143.0611747548,21649.968324646354,2022-05-12 20:13:05.571007,2022-05-27 21:03:03.670485
108,Project_Lifecycle,109,109,Deliverable,1248819.7250990437,1279697.9813203095,30878.256221265765,2022-05-17 05:39:43.505943,2022-06-07 16:17:58.879219
109,Project_Lifecycle,108,108,Deliverable,1246585.6182675401,1284312.9320167918,37727.313749251654,2022-05-15 16:25:37.096052,2022-06-10 21:12:55.921008
110,Project_Lifecycle,110,110,Deliverable,1251839.2863993745,1294478.6123603063,42639.325960931834,2022-05-19 07:59:17.183962,2022-06-17 22:38:36.741618
111,Project_Lifecycle,113,113,Deliverable,1284312.9320167918,1304900.9491207642,20588.01710397238,2022-06-10 21:12:55.921008,2022-06-25 04:20:56.947246
112,Project_Lifecycle,111,111,Deliverable,1274505.700217738,1315226.154786322,40720.454568583984,2022-06-04 01:45:42.013064,2022-07-02 08:26:09.287179
113,Project_Lifecycle,112,112,Deliverable,1279697.9813203095,1322892.7366604463,43194.75534013682,2022-06-07 16:17:58.879219,2022-07-07 16:12:44.199627
114,Project_Lifecycle,114,114,Deliverable,1294478.6123603063,1331292.2139462812,36813.60158597492,2022-06-17 22:38:36.741618,2022-07-13 12:12:12.836777
115,Project_Lifecycle,115,115,Deliverable,1304900.9491207642,1334461.4725205095,29560.523399745347,2022-06-25 04:20:56.947246,2022-07-15 17:01:28.351231
116,Project_Lifecycle,116,116,Deliverable,1315226.154786322,1344847.7233883538,29621.568602031795,2022-07-02 08:26:09.287179,2022-07-22 22:07:43.403301
117,Project_Lifecycle,117,117,Deliverable,1322892.7366604463,1351329.3667797046,28436.630119258305,2022-07-07 16:12:44.199627,2022-07-27 10:09:22.006782
118,Project_Lifecycle,118,118,Deliverable,1334461.4725205095,1356736.0536156655,22274.581095156027,2022-07-15 17:01:28.351231,2022-07-31 04:16:03.216940
119,Project_Lifecycle,120,120,Deliverable,1337989.2880732883,1366834.9399664742,28845.651893185917,2022-07-18 03:49:17.284397,2022-08-07 04:34:56.397988
120,Project_Lifecycle,119,119,Deliverable,1337850.0348884717,1368039.3267362136,30189.29184774193,2022-07-18 01:30:02.093308,2022-08-08 00:39:19.604173
121,Project_Lifecycle,121,121,Deliverable,1344847.7233883538,1383717.9412666894,38870.21787833562,2022-07-22 22:07:43.403301,2022-08-18 21:57:56.476001
122,Project_Lifecycle,122,122,Deliverable,1355564.0636344512,1388349.1405572817,32785.07692283043,2022-07-30 08:44:03.818067,2022-08-22 03:09:08.433437
123,Project_Lifecycle,123,123,Deliverable,1366834.9399664742,1395482.925680397,28647.985713922884,2022-08-07 04:34:56.397988,2022-08-27 02:02:55.540824
124,Project_Lifecycle,124,124,Deliverable,1368039.3267362136,1403336.6540341014,35297.327297887765,2022-08-08 00:39:19.604173,2022-09-01 12:56:39.242046
125,Project_Lifecycle,125,125,Deliverable,1383717.9412666894,1414654.540510395,30936.599243705627,2022-08-18 21:57:56.476001,2022-09-09 09:34:32.430624
126,Project_Lifecycle,127,127,Deliverable,1395482.925680397,1422485.9782051751,27003.05252477806,2022-08-27 02:02:55.540824,2022-09-14 20:05:58.692311
127,Project_Lifecycle,126,126,Deliverable,1388349.1405572817,1423146.4651681525,34797.3246108708,2022-08-22 03:09:08.433437,2022-09-15 07:06:27.910089
128,Project_Lifecycle,128,128,Deliverable,1403336.6540341014,1446319.6634629755,42983.009428874124,2022-09-01 12:56:39.242046,2022-10-01 09:19:39.807779
129,Project_Lifecycle,129,129,Deliverable,1422485.9782051751,1452302.0291738755,29816.05096870032,2022-09-14 20:05:58.692311,2022-10-05 13:02:01.750433
130,Project_Lifecycle,130,130,Deliverable,1423146.4651681525,1453986.5640793038,30840.09891115129,2022-09-15 07:06:27.910089,2022-10-06 17:06:33.844758
131,Project_Lifecycle,131,131,Deliverable,1435256.8260608793,1460686.1886449985,25429.362584119197,2022-09-23 16:56:49.563653,2022-10-11 08:46:11.318700
132,Project_Lifecycle,132,132,Deliverable,1446319.6634629755,1472624.8102225126,26305.14675953705,2022-10-01 09:19:39.807779,2022-10-19 15:44:48.613351
133,Project_Lifecycle,133,133,Deliverable,1453986.5640793038,1482388.7500961674,28402.186016863678,2022-10-06 17:06:33.844758,2022-10-26 10:28:45.005770
134,Project_Lifecycle,134,134,Deliverable,1460686.1886449985,1487337.9794212128,26651.79077621433,2022-10-11 08:46:11.318700,2022-10-29 20:57:58.765273
135,Project_Lifecycle,136,136,Deliverable,1487337.9794212128,1522982.2047688304,35644.22534761764,2022-10-29 20:57:58.765273,2022-11-23 15:02:12.286130
136,Project_Lifecycle,135,135,Deliverable,1481454.2124041368,1525654.5011973565,44200.28879321972,2022-10-25 18:54:12.744248,2022-11-25 11:34:30.071841
137,Project_Lifecycle,137,137,Deliverable,1522982.2047688304,1541656.2903284444,18674.085559614003,2022-11-23 15:02:12.286130,2022-12-06 14:16:17.419707
138,Project_Lifecycle,138,138,Deliverable,1525654.5011973565,1561504.9862444145,35850.48504705797,2022-11-25 11:34:30.071841,2022-12-20 09:04:59.174665
139,Project_Lifecycle,139,139,Deliverable,1561504.9862444145,1596448.6250918112,34943.63884739671,2022-12-20 09:04:59.174665,2023-01-13 15:28:37.505509
140,Project_Lifecycle,140,140,Deliverable,1565094.55540812,1604801.9394739252,39707.384065805236,2022-12-22 20:54:33.324487,2023-01-19 10:41:56.368436
141,Project_Lifecycle,142,142,Deliverable,1596448.6250918112,1617760.190986023,21311.565894211875,2023-01-13 15:28:37.505509,2023-01-28 10:40:11.459161
142,Project_Lifecycle,141,141,Deliverable,1589727.8300110714,1623222.470092089,33494.64008101751,2023-01-08 23:27:49.800664,2023-02-01 05:42:28.205525
143,Project_Lifecycle,143,143,Deliverable,1604801.9394739252,1628661.1529999375,23859.213526012376,2023-01-19 10:41:56.368436,2023-02-05 00:21:09.179996
144,Project_Lifecycle,145,145,Deliverable,1628661.1529999375,1642995.261342499,14334.108342561405,2023-02-05 00:21:09.179996,2023-02-14 23:15:15.680550
145,Project_Lifecycle,146,146,Deliverable,1629381.9621022614,1647402.8609303604,18020.898828099016,2023-02-05 12:21:57.726136,2023-02-18 00:42:51.655822
146,Project_Lifecycle,144,144,Deliverable,1623222.470092089,1647469.9541336382,24247.484041549265,2023-02-01 05:42:28.205525,2023-02-18 01:49:57.248018
147,Project_Lifecycle,147,147,Deliverable,1642995.261342499,1668587.1614562299,25591.900113730924,2023-02-14 23:15:15.680550,2023-03-04 17:47:09.687374
148,Project_Lifecycle,152,152,Deliverable,1657883.9563566195,1680467.4619093086,22583.50555268908,2023-02-25 07:23:57.381397,2023-03-12 23:47:27.714559
149,Project_Lifecycle,149,149,Deliverable,1647469.9541336382,1681228.5361931445,33758.58205950633,2023-02-18 01:49:57.248018,2023-03-13 12:28:32.171589
150,Project_Lifecycle,148,148,Deliverable,1647402.8609303604,1681444.9531781333,34042.09224777296,2023-02-18 00:42:51.655822,2023-03-13 16:04:57.190688
151,Project_Lifecycle,151,151,Deliverable,1656677.684379949,1684253.6049647976,27575.920584848616,2023-02-24 11:17:41.062797,2023-03-15 14:53:36.297888
152,Project_Lifecycle,150,150,Deliverable,1648791.359105181,1692649.3516219433,43857.992516762344,2023-02-18 23:51:21.546311,2023-03-21 10:49:21.097317
153,Project_Lifecycle,154,154,Deliverable,1681228.5361931445,1713382.9175391716,32154.381346027134,2023-03-13 12:28:32.171589,2023-04-04 20:22:55.052350
154,Project_Lifecycle,153,153,Deliverable,1680467.4619093086,1714263.9153876633,33796.45347835473,2023-03-12 23:47:27.714559,2023-04-05 11:03:54.923260
155,Project_Lifecycle,157,157,Deliverable,1692649.3516219433,1717667.4149806236,25018.063358680345,2023-03-21 10:49:21.097317,2023-04-07 19:47:24.898837
156,Project_Lifecycle,156,156,Deliverable,1684253.6049647976,1719100.0737537255,34846.46878892789,2023-03-15 14:53:36.297888,2023-04-08 19:40:04.425224
157,Project_Lifecycle,155,155,Deliverable,1681444.9531781333,1724422.593420029,42977.64024189557,2023-03-13 16:04:57.190688,2023-04-12 12:22:35.605202
158,Project_Lifecycle,161,161,Deliverable,1724422.593420029,1751327.0569392708,26904.463519241894,2023-04-12 12:22:35.605202,2023-05-01 04:47:03.416356
159,Project_Lifecycle,158,158,Deliverable,1714263.9153876633,1752432.2368758437,38168.32148818043,2023-04-05 11:03:54.923260,2023-05-01 23:12:14.212551
160,Project_Lifecycle,159,159,Deliverable,1717667.4149806236,1752926.555543163,35259.140562539455,2023-04-07 19:47:24.898837,2023-05-02 07:26:33.332590
161,Project_Lifecycle,160,160,Deliverable,1719100.0737537255,1757853.7413052837,38753.66755155823,2023-04-08 19:40:04.425224,2023-05-05 17:33:44.478317
162,Project_Lifecycle,163,163,Deliverable,1752615.8166131617,1779908.9830587474,27293.166445585666,2023-05-02 02:15:48.996790,2023-05-21 01:08:58.983525
163,Project_Lifecycle,164,164,Deliverable,1752926.555543163,1781201.1326637403,28274.577120577218,2023-05-02 07:26:33.332590,2023-05-21 22:41:07.959824
164,Project_Lifecycle,165,165,Deliverable,1757853.7413052837,1782495.4602184,24641.71891311626,2023-05-05 17:33:44.478317,2023-05-22 20:15:27.613104
165,Project_Lifecycle,162,162,Deliverable,1752432.2368758437,1788744.5197553746,36312.28287953092,2023-05-01 23:12:14.212551,2023-05-27 04:24:31.185322
166,Project_Lifecycle,167,167,Deliverable,1784338.5779911762,1813008.719668149,28670.141676972853,2023-05-24 02:58:34.679471,2023-06-13 00:48:43.180089
167,Project_Lifecycle,166,166,Deliverable,1779908.9830587474,1813909.1375637332,34000.15450498578,2023-05-21 01:08:58.983525,2023-06-13 15:49:08.253824
168,Project_Lifecycle,168,168,Deliverable,1793936.0250216785,1821326.0578004105,27390.032778732013,2023-05-30 18:56:01.501301,2023-06-18 19:26:03.468025
169,Project_Lifecycle,169,169,Deliverable,1807270.9174015136,1833073.1152636292,25802.19786211569,2023-06-09 01:10:55.044091,2023-06-26 23:13:06.915818
170,Project_Lifecycle,170,170,Deliverable,1813008.719668149,1845625.187674,32616.46800585091,2023-06-13 00:48:43.180089,2023-07-05 16:25:11.260440
171,Project_Lifecycle,172,172,Deliverable,1821326.0578004105,1847507.4165399936,26181.358739583055,2023-06-18 19:26:03.468025,2023-07-06 23:47:24.992400
172,Project_Lifecycle,171,171,Deliverable,1813909.1375637332,1848612.6071569829,34703.46959324973,2023-06-13 15:49:08.253824,2023-07-07 18:12:36.429419
173,Project_Lifecycle,173,173,Deliverable,1833073.1152636292,1862715.2733184812,29642.158054851927,2023-06-26 23:13:06.915818,2023-07-17 13:15:16.399109
174,Project_Lifecycle,174,174,Deliverable,1835860.5860144782,1865489.3793212613,29628.793306783075,2023-06-28 21:40:35.160869,2023-07-19 11:29:22.759276
175,Project_Lifecycle,177,177,Deliverable,1847507.4165399936,1866469.698462652,18962.28192265844,2023-07-06 23:47:24.992400,2023-07-20 03:49:41.907759
176,Project_Lifecycle,176,176,Deliverable,1845625.187674,1870407.6436718656,24782.455997865647,2023-07-05 16:25:11.260440,2023-07-22 21:27:38.620312
177,Project_Lifecycle,178,178,Deliverable,1848612.6071569829,1873740.0230998918,25127.415942908963,2023-07-07 18:12:36.429419,2023-07-25 05:00:01.385994
178,Project_Lifecycle,175,175,Deliverable,1845334.6936380258,1875569.591757074,30234.898119048215,2023-07-05 11:34:41.618282,2023-07-26 11:29:35.505424
179,Project_Lifecycle,183,183,Deliverable,1875569.591757074,1887389.339397623,11819.747640548972,2023-07-26 11:29:35.505424,2023-08-03 16:29:20.363857
180,Project_Lifecycle,179,179,Deliverable,1862715.2733184812,1888651.764819603,25936.49150112178,2023-07-17 13:15:16.399109,2023-08-04 13:31:45.889176
181,Project_Lifecycle,181,181,Deliverable,1866469.698462652,1894617.557720351,28147.85925769899,2023-07-20 03:49:41.907759,2023-08-08 16:57:33.463221
182,Project_Lifecycle,180,180,Deliverable,1865489.3793212613,1901340.1513104993,35850.77198923798,2023-07-19 11:29:22.759276,2023-08-13 09:00:09.078630
183,Project_Lifecycle,182,182,Deliverable,1870407.6436718656,1909760.176328082,39352.53265621653,2023-07-22 21:27:38.620312,2023-08-19 05:20:10.579685
184,Project_Lifecycle,185,185,Deliverable,1888651.764819603,1910716.4463849764,22064.681565373437,2023-08-04 13:31:45.889176,2023-08-19 21:16:26.783099
185,Project_Lifecycle,184,184,Deliverable,1887389.339397623,1914315.442906223,26926.103508600034,2023-08-03 16:29:20.363857,2023-08-22 09:15:26.574373
186,Project_Lifecycle,187,187,Deliverable,1897454.1536938755,1923906.702826669,26452.549132793443,2023-08-10 16:14:09.221633,2023-08-29 01:06:42.169600
187,Project_Lifecycle,186,186,Deliverable,1889543.9127043562,1927573.8955344905,38029.98283013422,2023-08-05 04:23:54.762261,2023-08-31 14:13:53.732069
188,Project_Lifecycle,188,188,Deliverable,1901340.1513104993,1932082.328622155,30742.1773116556,2023-08-13 09:00:09.078630,2023-09-03 17:22:19.717329
189,Project_Lifecycle,189,189,Deliverable,1914315.442906223,1939783.3946589036,25467.951752680587,2023-08-22 09:15:26.574373,2023-09-09 01:43:23.679534
190,Project_Lifecycle,192,192,Deliverable,1932082.328622155,1962637.5429136949,30555.214291539975,2023-09-03 17:22:19.717329,2023-09-24 22:37:32.574822
191,Project_Lifecycle,190,190,Deliverable,1923906.702826669,1962714.0648868054,38807.362060136395,2023-08-29 01:06:42.169600,2023-09-24 23:54:03.893208
192,Project_Lifecycle,191,191,Deliverable,1927573.8955344905,1965112.3608664062,37538.465331915766,2023-08-31 14:13:53.732069,2023-09-26 15:52:21.651984
193,Project_Lifecycle,193,193,Deliverable,1962714.0648868054,1994065.289033669,31351.22414686368,2023-09-24 23:54:03.893208,2023-10-16 18:25:17.342020
194,Project_Lifecycle,194,194,Deliverable,1965112.3608664062,2007678.308676289,42565.947809882695,2023-09-26 15:52:21.651984,2023-10-26 05:18:18.520577
195,Project_Lifecycle,195,195,Deliverable,1994065.289033669,2028181.221994927,34115.93296125787,2023-10-16 18:25:17.342020,2023-11-09 11:01:13.319696
196,Project_Lifecycle,196,196,Deliverable,2007678.308676289,2039244.8936566864,31566.584980397485,2023-10-26 05:18:18.520577,2023-11-17 03:24:53.619401
197,Project_Lifecycle,197,197,Deliverable,2044866.2583064886,2073082.9168461333,28216.658539644675,2023-11-21 01:06:15.498389,2023-12-10 15:22:55.010768
198,Project_Lifecycle,198,198,Deliverable,2073082.9168461333,2106382.6728831157,33299.756036982406,2023-12-10 15:22:55.010768,2024-01-02 18:22:40.372987
199,Project_Lifecycle,199,199,Deliverable,2085604.3533537372,2117657.577958227,32053.22460448998,2023-12-19 08:04:21.201224,2024-01-10 14:17:34.677494
200,Project_Lifecycle,200,200,Deliverable,2106382.6728831157,2130021.103102742,23638.43021962652,2024-01-02 18:22:40.372987,2024-01-19 04:21:06.186165
201,Project_Lifecycle,201,201,Deliverable,2117657.577958227,2140003.480057937,22345.902099709958,2024-01-10 14:17:34.677494,2024-01-26 02:43:28.803476
202,Project_Lifecycle,202,202,Deliverable,2130021.103102742,2166296.4086356545,36275.30553291226,2024-01-19 04:21:06.186165,2024-02-13 08:56:24.518139
203,Project_Lifecycle,203,203,Deliverable,2140003.480057937,2168258.424268907,28254.944210969843,2024-01-26 02:43:28.803476,2024-02-14 17:38:25.456134
204,Project_Lifecycle,204,204,Deliverable,2168258.424268907,2213691.4004599233,45432.97619101638,2024-02-14 17:38:25.456134,2024-03-17 06:51:24.027595
205,Project_Lifecycle,205,205,Deliverable,2224511.869450797,2250056.8294529268,25544.960002129897,2024-03-24 19:11:52.167048,2024-04-11 12:56:49.767176
206,Project_Lifecycle,206,206,Deliverable,2250056.8294529268,2281004.662837041,30947.833384114318,2024-04-11 12:56:49.767176,2024-05-03 00:44:39.770222
207,Project_Lifecycle,207,207,Deliverable,2261865.3341716114,2283231.166305278,21365.832133666612,2024-04-19 17:45:20.050297,2024-05-04 13:51:09.978317
208,Project_Lifecycle,208,208,Deliverable,2275431.960949118,2300579.448608539,25147.487659421284,2024-04-29 03:51:57.656947,2024-05-16 14:59:26.916512
209,Project_Lifecycle,210,210,Deliverable,2283231.166305278,2304821.7821869496,21590.615881671663,2024-05-04 13:51:09.978317,2024-05-19 13:41:46.931217
210,Project_Lifecycle,209,209,Deliverable,2281004.662837041,2312147.2931105504,31142.630273509305,2024-05-03 00:44:39.770222,2024-05-24 15:47:17.586633
211,Project_Lifecycle,211,211,Deliverable,2288414.981826418,2326179.6188398283,37764.63701341022,2024-05-08 04:14:58.909585,2024-06-03 09:39:37.130390
212,Project_Lifecycle,214,214,Deliverable,2312147.2931105504,2333704.091662829,21556.79855227843,2024-05-24 15:47:17.586633,2024-06-08 15:04:05.499770
213,Project_Lifecycle,212,212,Deliverable,2300579.448608539,2338872.3436514437,38292.89504290465,2024-05-16 14:59:26.916512,2024-06-12 05:12:20.619087
214,Project_Lifecycle,213,213,Deliverable,2304821.7821869496,2339016.854827769,34195.072640819475,2024-05-19 13:41:46.931217,2024-06-12 07:36:51.289666
215,Project_Lifecycle,216,216,Deliverable,2330642.2510547414,2355068.71616416,24426.465109418612,2024-06-06 12:02:15.063284,2024-06-23 11:08:42.969850
216,Project_Lifecycle,217,217,Deliverable,2338872.3436514437,2356856.4081356674,17984.064484223723,2024-06-12 05:12:20.619087,2024-06-24 16:56:24.488140
217,Project_Lifecycle,215,215,Deliverable,2326179.6188398283,2359108.7703795205,32929.15153969219,2024-06-03 09:39:37.130390,2024-06-26 06:28:46.222771
218,Project_Lifecycle,218,218,Deliverable,2339016.854827769,2365924.581886125,26907.727058355696,2024-06-12 07:36:51.289666,2024-07-01 00:04:34.913167
219,Project_Lifecycle,219,219,Deliverable,2355068.71616416,2371498.3990405328,16429.68287637271,2024-06-23 11:08:42.969850,2024-07-04 20:58:23.942432
220,Project_Lifecycle,220,220,Deliverable,2356856.4081356674,2386015.6577402516,29159.249604584184,2024-06-24 16:56:24.488140,2024-07-14 22:55:39.464415
221,Project_Lifecycle,222,222,Deliverable,2371498.3990405328,2386642.33401083,15143.934970297385,2024-07-04 20:58:23.942432,2024-07-15 09:22:20.040650
222,Project_Lifecycle,221,221,Deliverable,2359108.7703795205,2393250.033422742,34141.26304322155,2024-06-26 06:28:46.222771,2024-07-19 23:30:02.005365
223,Project_Lifecycle,223,223,Deliverable,2386642.33401083,2419773.570391222,33131.236380391754,2024-07-15 09:22:20.040650,2024-08-07 09:33:34.223473
224,Project_Lifecycle,224,224,Deliverable,2393250.033422742,2426861.905634304,33611.872211562004,2024-07-19 23:30:02.005365,2024-08-12 07:41:54.338058
225,Project_Lifecycle,225,225,Deliverable,2400781.4379300172,2442476.7769315983,41695.33900158107,2024-07-25 05:01:26.275801,2024-08-23 03:56:46.615896
226,Project_Lifecycle,227,227,Deliverable,2443422.391565073,2466731.0449338956,23308.653368822765,2024-08-23 19:42:23.493904,2024-09-09 00:11:02.696034
227,Project_Lifecycle,226,226,Deliverable,2442476.7769315983,2468289.13377693,25812.356845331844,2024-08-23 03:56:46.615896,2024-09-10 02:09:08.026616
228,Project_Lifecycle,228,228,Deliverable,2454962.359062015,2482376.567098377,27414.208036361728,2024-08-31 20:02:21.543721,2024-09-19 20:56:34.025903
229,Project_Lifecycle,230,230,Deliverable,2468289.13377693,2495848.771890074,27559.638113143854,2024-09-10 02:09:08.026616,2024-09-29 05:28:46.313404
230,Project_Lifecycle,231,231,Deliverable,2482376.567098377,2504664.8059002934,22288.238801916596,2024-09-19 20:56:34.025903,2024-10-05 08:24:48.354018
231,Project_Lifecycle,229,229,Deliverable,2466731.0449338956,2511915.63523749,45184.59030359425,2024-09-09 00:11:02.696034,2024-10-10 09:15:38.114249
232,Project_Lifecycle,235,235,Deliverable,2511915.63523749,2529596.4540586863,17680.818821196444,2024-10-10 09:15:38.114249,2024-10-22 15:56:27.243521
233,Project_Lifecycle,234,234,Deliverable,2509349.3022579453,2532676.968931933,23327.66667398764,2024-10-08 14:29:18.135477,2024-10-24 19:16:58.135916
234,Project_Lifecycle,232,232,Deliverable,2495848.771890074,2532741.3591918815,36892.58730180748,2024-09-29 05:28:46.313404,2024-10-24 20:21:21.551513
235,Project_Lifecycle,233,233,Deliverable,2504664.8059002934,2532908.130293018,28243.324392724782,2024-10-05 08:24:48.354018,2024-10-24 23:08:07.817581
236,Project_Lifecycle,238,238,Deliverable,2532908.130293018,2553778.456899802,20870.326606784016,2024-10-24 23:08:07.817581,2024-11-08 10:58:27.413988
237,Project_Lifecycle,236,236,Deliverable,2529596.4540586863,2564028.6142971455,34432.16023845924,2024-10-22 15:56:27.243521,2024-11-15 13:48:36.857829
238,Project_Lifecycle,237,237,Deliverable,2532676.968931933,2566009.822533398,33332.853601465,2024-10-24 19:16:58.135916,2024-11-16 22:49:49.352004
239,Project_Lifecycle,239,239,Deliverable,2566009.822533398,2606793.8935817224,40784.07104832446,2024-11-16 22:49:49.352004,2024-12-15 06:33:53.614903
240,Project_Lifecycle,240,240,Deliverable,2606793.8935817224,2632990.460447035,26196.5668653124,2024-12-15 06:33:53.614903,2025-01-02 11:10:27.626822
241,Project_Lifecycle,241,241,Deliverable,2625199.7584936107,2666294.720117789,41094.96162417857,2024-12-28 01:19:45.509617,2025-01-25 14:14:43.207067
242,Project_Lifecycle,242,242,Deliverable,2645784.100272394,2687943.0314866295,42158.93121423572,2025-01-11 08:24:06.016344,2025-02-09 15:03:01.889198
243,Project_Lifecycle,244,244,Deliverable,2669178.353482068,2692065.983787634,22887.630305565894,2025-01-27 14:18:21.208924,2025-02-12 11:45:59.027258
244,Project_Lifecycle,243,243,Deliverable,2666294.720117789,2695221.3095419044,28926.58942411514,2025-01-25 14:14:43.207067,2025-02-14 16:21:18.572514
245,Project_Lifecycle,245,245,Deliverable,2670953.475341168,2699955.450209807,29001.974868638907,2025-01-28 19:53:28.520470,2025-02-17 23:15:27.012588
246,Project_Lifecycle,248,248,Deliverable,2692065.983787634,2714085.94667111,22019.962883476168,2025-02-12 11:45:59.027258,2025-02-27 18:45:56.800267
247,Project_Lifecycle,246,246,Deliverable,2687943.0314866295,2722562.4040667615,34619.37258013198,2025-02-09 15:03:01.889198,2025-03-05 16:02:24.244006
248,Project_Lifecycle,247,247,Deliverable,2687943.0314866295,2728273.320302945,40330.28881631559,2025-02-09 15:03:01.889198,2025-03-09 15:13:19.218177
249,Project_Lifecycle,250,250,Deliverable,2699955.450209807,2731705.385964028,31749.935754220933,2025-02-17 23:15:27.012588,2025-03-12 00:25:23.157842
250,Project_Lifecycle,249,249,Deliverable,2695221.3095419044,2733702.474772665,38481.16523076082,2025-02-14 16:21:18.572514,2025-03-13 09:42:28.486360
251,Project_Lifecycle,252,252,Deliverable,2714085.94667111,2738811.754022489,24725.807351378724,2025-02-27 18:45:56.800267,2025-03-16 22:51:45.241349
252,Project_Lifecycle,251,251,Deliverable,2704705.811298797,2741555.1785275945,36849.36722879764,2025-02-21 06:25:48.677928,2025-03-18 20:35:10.711656
253,Project_Lifecycle,253,253,Deliverable,2722562.4040667615,2750521.695304025,27959.291237263475,2025-03-05 16:02:24.244006,2025-03-25 02:01:41.718241
254,Project_Lifecycle,256,256,Deliverable,2733702.474772665,2758198.2157846363,24495.741011971142,2025-03-13 09:42:28.486360,2025-03-30 09:58:12.947078
255,Project_Lifecycle,254,254,Deliverable,2728273.320302945,2758350.759127065,30077.438824119978,2025-03-09 15:13:19.218177,2025-03-30 12:30:45.547624
256,Project_Lifecycle,255,255,Deliverable,2731705.385964028,2763358.7777658836,31653.391801855527,2025-03-12 00:25:23.157842,2025-04-02 23:58:46.665953
257,Project_Lifecycle,258,258,Deliverable,2741555.1785275945,2763603.8288404294,22048.650312834885,2025-03-18 20:35:10.711656,2025-04-03 04:03:49.730426
258,Project_Lifecycle,257,257,Deliverable,2738811.754022489,2773750.808154164,34939.054131675046,2025-03-16 22:51:45.241349,2025-04-10 05:10:48.489250
259,Project_Lifecycle,259,259,Deliverable,2750521.695304025,2778043.3017778806,27521.606473855674,2025-03-25 02:01:41.718241,2025-04-13 04:43:18.106673
260,Project_Lifecycle,260,260,Deliverable,2758350.759127065,2784133.435424141,25782.676297076046,2025-03-30 12:30:45.547624,2025-04-17 10:13:26.125448
261,Project_Lifecycle,262,262,Deliverable,2763603.8288404294,2798904.5777903143,35300.7489498849,2025-04-03 04:03:49.730426,2025-04-27 16:24:34.667419
262,Project_Lifecycle,261,261,Deliverable,2763358.7777658836,2806069.5326637337,42710.7548978501,2025-04-02 23:58:46.665953,2025-05-02 15:49:31.959824
263,Project_Lifecycle,263,263,Deliverable,2778043.3017778806,2824687.796080891,46644.494303010404,2025-04-13 04:43:18.106673,2025-05-15 14:07:47.764853
264,Project_Lifecycle,264,264,Deliverable,2798904.5777903143,2836419.557339319,37514.979549004696,2025-04-27 16:24:34.667419,2025-05-23 17:39:33.440359
265,Project_Lifecycle,265,265,Deliverable,2913088.2667617546,2958065.6745709353,44977.40780918067,2025-07-15 23:28:16.005705,2025-08-16 05:05:40.474256
266,Project_Lifecycle,266,266,Deliverable,2958065.6745709353,2986193.1548568727,28127.480285937432,2025-08-16 05:05:40.474256,2025-09-04 17:53:09.291412
267,Project_Lifecycle,267,267,Deliverable,2986193.1548568727,3005997.3328067954,19804.177949922625,2025-09-04 17:53:09.291412,2025-09-18 11:57:19.968408
268,Project_Lifecycle,268,268,Deliverable,3005997.3328067954,3044178.4124825425,38181.07967574708,2025-09-18 11:57:19.968408,2025-10-15 00:18:24.748953
269,Project_Lifecycle,269,269,Deliverable,3035266.0259629395,3059710.267300801,24444.2413378614,2025-10-08 19:46:01.557776,2025-10-25 19:10:16.038048
270,Project_Lifecycle,270,270,Deliverable,3059710.267300801,3078159.5118951127,18449.244594311807,2025-10-25 19:10:16.038048,2025-11-07 14:39:30.713707
271,Project_Lifecycle,271,271,Deliverable,3075323.176397715,3086820.5893653585,11497.412967643235,2025-11-05 15:23:10.583863,2025-11-13 15:00:35.361922
272,Project_Lifecycle,272,272,Deliverable,3078159.5118951127,3098290.702561169,20131.190666056238,2025-11-07 14:39:30.713707,2025-11-21 14:10:42.153670
273,Project_Lifecycle,274,274,Deliverable,3098290.702561169,3124541.504448597,26250.801887427922,2025-11-21 14:10:42.153670,2025-12-09 19:41:30.266916
274,Project_Lifecycle,273,273,Deliverable,3086820.5893653585,3136104.8542563478,49284.26489098929,2025-11-13 15:00:35.361922,2025-12-17 20:24:51.255381
275,Project_Lifecycle,275,275,Deliverable,3125133.122810816,3153485.677774967,28352.554964151233,2025-12-10 05:33:07.368649,2025-12-29 22:05:40.666498
276,Project_Lifecycle,279,279,Deliverable,3153748.9765899447,3183216.022096804,29467.0455068592,2025-12-30 02:28:58.595397,2026-01-19 13:36:01.325808
277,Project_Lifecycle,276,276,Deliverable,3136104.8542563478,3183923.6855199677,47818.83126361994,2025-12-17 20:24:51.255381,2026-01-20 01:23:41.131198
278,Project_Lifecycle,278,278,Deliverable,3153485.677774967,3185056.311952893,31570.634177925996,2025-12-29 22:05:40.666498,2026-01-20 20:16:18.717174
279,Project_Lifecycle,277,277,Deliverable,3152701.910627945,3189682.6154969204,36980.70486897556,2025-12-29 09:01:54.637677,2026-01-24 01:22:36.929815
280,Project_Lifecycle,280,280,Deliverable,3169555.0845158612,3194617.496465427,25062.411949565634,2026-01-10 01:55:05.070952,2026-01-27 11:37:29.787926
281,Project_Lifecycle,283,283,Deliverable,3185056.311952893,3216084.0466658375,31027.734712944366,2026-01-20 20:16:18.717174,2026-02-11 09:24:02.799950
282,Project_Lifecycle,281,281,Deliverable,3183216.022096804,3218928.8744058497,35712.85230904585,2026-01-19 13:36:01.325808,2026-02-13 08:48:52.464351
283,Project_Lifecycle,284,284,Deliverable,3189682.6154969204,3220468.082767949,30785.467271028552,2026-01-24 01:22:36.929815,2026-02-14 10:28:04.966077
284,Project_Lifecycle,285,285,Deliverable,3194617.496465427,3220789.6267059958,26172.13024056889,2026-01-27 11:37:29.787926,2026-02-14 15:49:37.602360
285,Project_Lifecycle,282,282,Deliverable,3183923.6855199677,3221755.4527279474,37831.76720797969,2026-01-20 01:23:41.131198,2026-02-15 07:55:27.163677
286,Project_Lifecycle,287,287,Deliverable,3218928.8744058497,3239487.4014080698,20558.527002220042,2026-02-13 08:48:52.464351,2026-02-27 15:27:24.084484
287,Project_Lifecycle,286,286,Deliverable,3216084.0466658375,3249371.175761928,33287.12909609033,2026-02-11 09:24:02.799950,2026-03-06 12:11:10.545716
288,Project_Lifecycle,288,288,Deliverable,3218928.8744058497,3250692.397146087,31763.522740237415,2026-02-13 08:48:52.464351,2026-03-07 10:12:23.828765
289,Project_Lifecycle,289,289,Deliverable,3220468.082767949,3254114.049451228,33645.96668327926,2026-02-14 10:28:04.966077,2026-03-09 19:14:02.967074
290,Project_Lifecycle,290,290,Deliverable,3220789.6267059958,3257778.383207106,36988.75650111027,2026-02-14 15:49:37.602360,2026-03-12 08:18:22.992426
291,Project_Lifecycle,292,292,Deliverable,3250692.397146087,3272051.214541684,21358.817395596765,2026-03-07 10:12:23.828765,2026-03-22 06:11:12.872501
292,Project_Lifecycle,293,293,Deliverable,3254114.049451228,3273628.6600168883,19514.610565660056,2026-03-09 19:14:02.967074,2026-03-23 08:28:39.601013
293,Project_Lifecycle,291,291,Deliverable,3239487.4014080698,3279802.241465214,40314.84005714441,2026-02-27 15:27:24.084484,2026-03-27 15:22:14.487913
294,Project_Lifecycle,294,294,Deliverable,3257778.383207106,3286488.8949117507,28710.511704644654,2026-03-12 08:18:22.992426,2026-04-01 06:48:53.694705
295,Project_Lifecycle,295,295,Deliverable,3279802.241465214,3316637.51576771,36835.27430249564,2026-03-27 15:22:14.487913,2026-04-22 05:17:30.946063
296,Project_Lifecycle,296,296,Deliverable,3304028.69560184,3322746.7436494133,18718.048047573306,2026-04-13 11:08:41.736110,2026-04-26 11:06:44.618965
297,Project_Lifecycle,297,297,Deliverable,3316637.51576771,3345911.5951446453,29274.079376935493,2026-04-22 05:17:30.946063,2026-05-12 13:11:35.708679
298,Project_Lifecycle,298,298,Deliverable,3322746.7436494133,3355953.9296087595,33207.18595934613,2026-04-26 11:06:44.618965,2026-05-19 12:33:55.776526
299,Project_Lifecycle,299,299,Deliverable,3355953.9296087595,3383766.175016663,27812.245407903567,2026-05-19 12:33:55.776526,2026-06-07 20:06:10.501000
300,Project_Lifecycle,300,300,Deliverable,3383766.175016663,3415034.4026422496,31268.227625586558,2026-06-07 20:06:10.501000,2026-06-29 13:14:24.158535
301,Project_Lifecycle,301,301,Deliverable,3421974.5046932874,3441580.645215058,19606.140521770343,2026-07-04 08:54:30.281597,2026-07-17 23:40:38.712903
302,Project_Lifecycle,302,302,Deliverable,3441580.645215058,3467674.2968853577,26093.651670299936,2026-07-17 23:40:38.712903,2026-08-05 02:34:17.813121
303,Project_Lifecycle,303,303,Deliverable,3456152.2264954816,3493603.9756369833,37451.74914150173,2026-07-28 02:32:13.589729,2026-08-23 02:43:58.538219
304,Project_Lifecycle,304,304,Deliverable,3467674.2968853577,3500053.2977360915,32379.000850733835,2026-08-05 02:34:17.813121,2026-08-27 14:13:17.864165
305,Project_Lifecycle,305,305,Deliverable,3492506.9232849255,3522319.1339797634,29812.21069483785,2026-08-22 08:26:55.397096,2026-09-12 01:19:08.038786
306,Project_Lifecycle,306,306,Deliverable,3493603.9756369833,3534778.747776544,41174.7721395609,2026-08-23 02:43:58.538219,2026-09-20 16:58:44.866593
307,Project_Lifecycle,307,307,Deliverable,3500053.2977360915,3535033.7238219334,34980.42608584184,2026-08-27 14:13:17.864165,2026-09-20 21:13:43.429316
308,Project_Lifecycle,308,308,Deliverable,3522319.1339797634,3553257.3192524416,30938.185272678267,2026-09-12 01:19:08.038786,2026-10-03 12:57:19.155146
309,Project_Lifecycle,309,309,Deliverable,3534778.747776544,3563979.8745895596,29201.126813015435,2026-09-20 16:58:44.866593,2026-10-10 23:39:52.475374
310,Project_Lifecycle,310,310,Deliverable,3552155.091031677,3573218.742277684,21063.651246007066,2026-10-02 18:35:05.461901,2026-10-17 09:38:44.536661
311,Project_Lifecycle,311,311,Deliverable,3553257.3192524416,3586230.0814456497,32972.762193208095,2026-10-03 12:57:19.155146,2026-10-26 10:30:04.886739
312,Project_Lifecycle,312,312,Deliverable,3563979.8745895596,3598185.5462824004,34205.671692840755,2026-10-10 23:39:52.475374,2026-11-03 17:45:32.776944
313,Project_Lifecycle,313,313,Deliverable,3573218.742277684,3602057.0703087067,28838.328031022567,2026-10-17 09:38:44.536661,2026-11-06 10:17:04.218522
314,Project_Lifecycle,315,315,Deliverable,3586230.0814456497,3616677.3753045667,30447.293858916964,2026-10-26 10:30:04.886739,2026-11-16 13:57:22.518274
315,Project_Lifecycle,314,314,Deliverable,3584550.9324356318,3626133.736648836,41582.80421320442,2026-10-25 06:30:55.946138,2026-11-23 03:33:44.198930
316,Project_Lifecycle,316,316,Deliverable,3602057.0703087067,3631482.891890326,29425.821581619326,2026-11-06 10:17:04.218522,2026-11-26 20:42:53.513420
317,Project_Lifecycle,318,318,Deliverable,3631482.891890326,3653275.3510870975,21792.459196771495,2026-11-26 20:42:53.513420,2026-12-11 23:55:21.065226
318,Project_Lifecycle,317,317,Deliverable,3626133.736648836,3666645.206107172,40511.46945833601,2026-11-23 03:33:44.198930,2026-12-21 06:45:12.366430
319,Project_Lifecycle,319,319,Deliverable,3642854.9115144047,3671479.8149240823,28624.903409677558,2026-12-04 18:14:54.690864,2026-12-24 15:19:48.895445
320,Project_Lifecycle,320,320,Deliverable,3648888.5711160027,3672069.637765457,23181.06664945418,2026-12-08 22:48:34.266960,2026-12-25 01:09:38.265927
321,Project_Lifecycle,322,322,Deliverable,3671479.8149240823,3699690.837783138,28211.02285905555,2026-12-24 15:19:48.895445,2027-01-13 05:30:50.266988
322,Project_Lifecycle,321,321,Deliverable,3666645.206107172,3702284.8458958613,35639.63978868909,2026-12-21 06:45:12.366430,2027-01-15 00:44:50.753752
323,Project_Lifecycle,323,323,Deliverable,3672069.637765457,3703018.8258712348,30949.188105777837,2026-12-25 01:09:38.265927,2027-01-15 12:58:49.552274
324,Project_Lifecycle,324,324,Deliverable,3699690.837783138,3724417.005926715,24726.168143577408,2027-01-13 05:30:50.266988,2027-01-30 09:37:00.355603
325,Project_Lifecycle,326,326,Deliverable,3703018.8258712348,3732158.58582835,29139.759957115166,2027-01-15 12:58:49.552274,2027-02-04 18:38:35.149701
326,Project_Lifecycle,325,325,Deliverable,3702284.8458958613,3732276.288937076,29991.44304121472,2027-01-15 00:44:50.753752,2027-02-04 20:36:17.336225
327,Project_Lifecycle,328,328,Deliverable,3732158.58582835,3761694.2039812305,29535.618152880576,2027-02-04 18:38:35.149701,2027-02-25 06:54:12.238874
328,Project_Lifecycle,327,327,Deliverable,3724417.005926715,3765516.387229647,41099.38130293181,2027-01-30 09:37:00.355603,2027-02-27 22:36:23.233779
329,Project_Lifecycle,329,329,Deliverable,3771399.521602972,3810124.8129695207,38725.29136654874,2027-03-04 00:39:31.296178,2027-03-30 22:04:48.778171
330,Project_Lifecycle,330,330,Deliverable,3810124.8129695207,3842923.9228229956,32799.10985347489,2027-03-30 22:04:48.778171,2027-04-22 16:43:55.369380
331,Project_Lifecycle,331,331,Deliverable,3842923.9228229956,3883000.8435507487,40076.92072775308,2027-04-22 16:43:55.369380,2027-05-20 12:40:50.613045
332,Project_Lifecycle,332,332,Deliverable,3883000.8435507487,3924988.160061863,41987.31651111413,2027-05-20 12:40:50.613045,2027-06-18 16:28:09.603712
333,Project_Lifecycle,333,333,Deliverable,4004091.4256820446,4024820.763478389,20729.33779634442,2027-08-12 14:51:25.540923,2027-08-27 00:20:45.808703
334,Project_Lifecycle,334,334,Deliverable,4024820.763478389,4039770.24575365,14949.482275261078,2027-08-27 00:20:45.808703,2027-09-06 09:30:14.745219
335,Project_Lifecycle,335,335,Deliverable,4029405.7048907797,4055431.783924375,26026.07903359551,2027-08-30 04:45:42.293447,2027-09-17 06:31:47.035463
336,Project_Lifecycle,336,336,Deliverable,4039770.24575365,4061079.695138163,21309.449384512845,2027-09-06 09:30:14.745219,2027-09-21 04:39:41.708290
337,Project_Lifecycle,337,337,Deliverable,4055431.783924375,4073279.317982289,17847.534057913814,2027-09-17 06:31:47.035463,2027-09-29 15:59:19.078937
338,Project_Lifecycle,338,338,Deliverable,4061079.695138163,4084723.4762187772,23643.78108061431,2027-09-21 04:39:41.708290,2027-10-07 14:43:28.573127
339,Project_Lifecycle,339,339,Deliverable,4073279.317982289,4102075.9007963524,28796.58281406341,2027-09-29 15:59:19.078937,2027-10-19 15:55:54.047781
340,Project_Lifecycle,340,340,Deliverable,4087529.7534563253,4116869.899398063,29340.145941737574,2027-10-09 13:29:45.207380,2027-10-29 22:29:53.963884
341,Project_Lifecycle,341,341,Deliverable,4102075.9007963524,4126520.1929716025,24444.292175250128,2027-10-19 15:55:54.047781,2027-11-05 15:20:11.578296
342,Project_Lifecycle,342,342,Deliverable,4116869.899398063,4144184.953766202,27315.054368139245,2027-10-29 22:29:53.963884,2027-11-17 21:44:57.225972
343,Project_Lifecycle,343,343,Deliverable,4140652.9211665113,4156856.07679868,16203.15563216852,2027-11-15 10:52:55.269991,2027-11-26 16:56:04.607921
344,Project_Lifecycle,345,345,Deliverable,4144184.953766202,4163058.4923125007,18873.53854629863,2027-11-17 21:44:57.225972,2027-12-01 00:18:29.538750
345,Project_Lifecycle,344,344,Deliverable,4143101.4022074463,4175579.581181169,32478.178973722737,2027-11-17 03:41:24.132447,2027-12-09 16:59:34.870870
346,Project_Lifecycle,349,349,Deliverable,4163058.4923125007,4183446.2780497116,20387.785737210885,2027-12-01 00:18:29.538750,2027-12-15 04:06:16.682983
347,Project_Lifecycle,346,346,Deliverable,4156856.07679868,4187989.201651352,31133.12485267222,2027-11-26 16:56:04.607921,2027-12-18 07:49:12.099081
348,Project_Lifecycle,347,347,Deliverable,4159487.715258886,4194494.488469147,35006.77321026102,2027-11-28 12:47:42.915533,2027-12-22 20:14:29.308149
349,Project_Lifecycle,348,348,Deliverable,4161658.3468113183,4198368.395256429,36710.048445110675,2027-11-30 00:58:20.808679,2027-12-25 12:48:23.715386
350,Project_Lifecycle,351,351,Deliverable,4175579.581181169,4209399.095945314,33819.51476414455,2027-12-09 16:59:34.870870,2028-01-02 04:39:05.756719
351,Project_Lifecycle,354,354,Deliverable,4194494.488469147,4210814.799953155,16320.311484008096,2027-12-22 20:14:29.308149,2028-01-03 04:14:47.997189
352,Project_Lifecycle,352,352,Deliverable,4194494.488469147,4212333.616299685,17839.127830537967,2027-12-22 20:14:29.308149,2028-01-04 05:33:36.977981
353,Project_Lifecycle,353,353,Deliverable,4187989.201651352,4217433.3453528965,29444.143701544497,2027-12-18 07:49:12.099081,2028-01-07 18:33:20.721174
354,Project_Lifecycle,350,350,Deliverable,4183446.2780497116,4220689.125077208,37242.84702749597,2027-12-15 04:06:16.682983,2028-01-10 00:49:07.504632
355,Project_Lifecycle,355,355,Deliverable,4198368.395256429,4227690.661885263,29322.26662883442,2027-12-25 12:48:23.715386,2028-01-14 21:30:39.713116
356,Project_Lifecycle,356,356,Deliverable,4209399.095945314,4237927.403390638,28528.307445324026,2028-01-02 04:39:05.756719,2028-01-22 00:07:24.203438
357,Project_Lifecycle,357,357,Deliverable,4210814.799953155,4239295.977186765,28481.17723360937,2028-01-03 04:14:47.997189,2028-01-22 22:55:58.631206
358,Project_Lifecycle,359,359,Deliverable,4217433.3453528965,4244441.957984525,27008.61263162829,2028-01-07 18:33:20.721174,2028-01-26 12:41:57.479071
359,Project_Lifecycle,358,358,Deliverable,4212333.616299685,4245700.5480468515,33366.93174716644,2028-01-04 05:33:36.977981,2028-01-27 09:40:32.882811
360,Project_Lifecycle,360,360,Deliverable,4220689.125077208,4259319.482485383,38630.357408175245,2028-01-10 00:49:07.504632,2028-02-05 20:39:28.949123
361,Project_Lifecycle,363,363,Deliverable,4239295.977186765,4261156.201618894,21860.224432129413,2028-01-22 22:55:58.631206,2028-02-07 03:16:12.097134
362,Project_Lifecycle,362,362,Deliverable,4237927.403390638,4264849.823291769,26922.419901131652,2028-01-22 00:07:24.203438,2028-02-09 16:49:49.397506
363,Project_Lifecycle,364,364,Deliverable,4245700.5480468515,4267507.791598535,21807.243551683612,2028-01-27 09:40:32.882811,2028-02-11 13:07:47.495912
364,Project_Lifecycle,361,361,Deliverable,4227690.661885263,4270718.490304,43027.828418736346,2028-01-14 21:30:39.713116,2028-02-13 18:38:29.418240
365,Project_Lifecycle,367,367,Deliverable,4270718.490304,4302381.565284876,31663.07498087641,2028-02-13 18:38:29.418240,2028-03-06 18:21:33.917093
366,Project_Lifecycle,368,368,Deliverable,4280544.426854235,4303853.339568418,23308.91271418333,2028-02-20 14:24:25.611254,2028-03-07 18:53:20.374105
367,Project_Lifecycle,365,365,Deliverable,4259319.482485383,4305931.857963859,46612.375478476286,2028-02-05 20:39:28.949123,2028-03-09 05:31:51.477832
368,Project_Lifecycle,369,369,Deliverable,4284344.795062565,4312467.286051164,28122.490988599136,2028-02-23 05:44:47.703754,2028-03-13 18:27:17.163070
369,Project_Lifecycle,366,366,Deliverable,4267507.791598535,4316742.653446203,49234.861847667955,2028-02-11 13:07:47.495912,2028-03-16 17:42:39.206772
370,Project_Lifecycle,371,371,Deliverable,4305931.857963859,4334202.650894899,28270.792931039818,2028-03-09 05:31:51.477832,2028-03-28 20:42:39.053694
371,Project_Lifecycle,370,370,Deliverable,4303853.339568418,4334364.249100103,30510.909531684592,2028-03-07 18:53:20.374105,2028-03-28 23:24:14.946006
372,Project_Lifecycle,372,372,Deliverable,4312467.286051164,4334901.9785598535,22434.692508689128,2028-03-13 18:27:17.163070,2028-03-29 08:21:58.713591
373,Project_Lifecycle,375,375,Deliverable,4341328.062084611,4357532.585446289,16204.523361678235,2028-04-02 19:28:03.725077,2028-04-14 01:32:35.126777
374,Project_Lifecycle,374,374,Deliverable,4334901.9785598535,4364660.363780372,29758.385220518336,2028-03-29 08:21:58.713591,2028-04-19 00:20:21.826822
375,Project_Lifecycle,373,373,Deliverable,4334364.249100103,4366515.580248472,32151.331148369238,2028-03-28 23:24:14.946006,2028-04-20 07:15:34.814908
376,Project_Lifecycle,377,377,Deliverable,4357532.585446289,4378207.36723738,20674.781791090965,2028-04-14 01:32:35.126777,2028-04-28 10:07:22.034243
377,Project_Lifecycle,376,376,Deliverable,4353118.140128067,4383150.760726411,30032.620598344132,2028-04-10 23:58:08.407684,2028-05-01 20:30:45.643585
378,Project_Lifecycle,379,379,Deliverable,4364660.363780372,4388550.708105261,23890.344324889593,2028-04-19 00:20:21.826822,2028-05-05 14:30:42.486316
379,Project_Lifecycle,380,380,Deliverable,4366515.580248472,4391879.810537369,25364.23028889671,2028-04-20 07:15:34.814908,2028-05-07 21:59:48.632242
380,Project_Lifecycle,378,378,Deliverable,4363082.519783614,4391893.431682305,28810.911898691207,2028-04-17 22:02:31.187017,2028-05-07 22:13:25.900938
381,Project_Lifecycle,381,381,Deliverable,4378207.36723738,4411439.332575995,33231.96533861477,2028-04-28 10:07:22.034243,2028-05-21 11:59:19.954560
382,Project_Lifecycle,383,383,Deliverable,4391893.431682305,4417624.133442555,25730.701760249212,2028-05-07 22:13:25.900938,2028-05-25 19:04:08.006553
383,Project_Lifecycle,382,382,Deliverable,4383150.760726411,4432069.794056784,48919.033330373466,2028-05-01 20:30:45.643585,2028-06-04 19:49:47.643407
384,Project_Lifecycle,384,384,Deliverable,4411439.332575995,4438568.9370531645,27129.604477169923,2028-05-21 11:59:19.954560,2028-06-09 08:08:56.223190
385,Project_Lifecycle,385,385,Deliverable,4417624.133442555,4450584.892969154,32960.7595265992,2028-05-25 19:04:08.006553,2028-06-17 16:24:53.578149
386,Project_Lifecycle,386,386,Deliverable,4432069.794056784,4459275.154276183,27205.360219398513,2028-06-04 19:49:47.643407,2028-06-23 17:15:09.256571
387,Project_Lifecycle,387,387,Deliverable,4450584.892969154,4479047.318113859,28462.42514470499,2028-06-17 16:24:53.578149,2028-07-07 10:47:19.086832
388,Project_Lifecycle,388,388,Deliverable,4459275.154276183,4505394.967167694,46119.81289151125,2028-06-23 17:15:09.256571,2028-07-25 17:54:58.030062
389,Project_Lifecycle,389,389,Deliverable,4558403.459360866,4589686.796740049,31283.33737918269,2028-08-31 13:23:27.561652,2028-09-22 06:46:47.804403
390,Project_Lifecycle,391,391,Deliverable,4584941.556904672,4611182.354396043,26240.79749137163,2028-09-18 23:41:33.414280,2028-10-07 05:02:21.263763
391,Project_Lifecycle,390,390,Deliverable,4583656.907939768,4617977.664368294,34320.75642852578,2028-09-18 02:16:54.476386,2028-10-11 22:17:39.862098
392,Project_Lifecycle,392,392,Deliverable,4589686.796740049,4620084.230083761,30397.43334371224,2028-09-22 06:46:47.804403,2028-10-13 09:24:13.805026
393,Project_Lifecycle,393,393,Deliverable,4594041.225259615,4625955.128912235,31913.90365261957,2028-09-25 07:21:13.515577,2028-10-17 11:15:07.734734
394,Project_Lifecycle,396,396,Deliverable,4620084.230083761,4636599.069365356,16514.839281595312,2028-10-13 09:24:13.805026,2028-10-24 20:39:04.161921
395,Project_Lifecycle,395,395,Deliverable,4617977.664368294,4643435.393091882,25457.72872358747,2028-10-11 22:17:39.862098,2028-10-29 14:35:23.585513
396,Project_Lifecycle,398,398,Deliverable,4625955.128912235,4644489.501406093,18534.37249385845,2028-10-17 11:15:07.734734,2028-10-30 08:09:30.084366
397,Project_Lifecycle,394,394,Deliverable,4611182.354396043,4647913.129434671,36730.77503862791,2028-10-07 05:02:21.263763,2028-11-01 17:13:07.766080
398,Project_Lifecycle,397,397,Deliverable,4621452.019924511,4648544.126306486,27092.106381975114,2028-10-14 08:12:01.195471,2028-11-02 03:44:07.578389
399,Project_Lifecycle,399,399,Deliverable,4636599.069365356,4667461.366726787,30862.297361430712,2028-10-24 20:39:04.161921,2028-11-15 07:01:22.003607
400,Project_Lifecycle,400,400,Deliverable,4643435.393091882,4670621.845619676,27186.452527794056,2028-10-29 14:35:23.585513,2028-11-17 11:41:50.737181
401,Project_Lifecycle,401,401,Deliverable,4644489.501406093,4676983.9061398255,32494.404733732343,2028-10-30 08:09:30.084366,2028-11-21 21:43:54.368390
402,Project_Lifecycle,402,402,Deliverable,4647913.129434671,4679087.919231945,31174.789797273465,2028-11-01 17:13:07.766080,2028-11-23 08:47:55.153917
403,Project_Lifecycle,403,403,Deliverable,4648544.126306486,4680560.520305117,32016.393998630345,2028-11-02 03:44:07.578389,2028-11-24 09:20:31.218307
404,Project_Lifecycle,405,405,Deliverable,4676983.9061398255,4704022.288852394,27038.382712568156,2028-11-21 21:43:54.368390,2028-12-10 16:22:17.331144
405,Project_Lifecycle,404,404,Deliverable,4670621.845619676,4705256.536257698,34634.6906380225,2028-11-17 11:41:50.737181,2028-12-11 12:56:32.175462
406,Project_Lifecycle,406,406,Deliverable,4679087.919231945,4705309.6975109605,26221.778279015794,2028-11-23 08:47:55.153917,2028-12-11 13:49:41.850658
407,Project_Lifecycle,407,407,Deliverable,4680560.520305117,4710065.162285783,29504.641980666667,2028-11-24 09:20:31.218307,2028-12-14 21:05:09.737147
408,Project_Lifecycle,408,408,Deliverable,4710065.162285783,4738663.360471332,28598.198185549118,2028-12-14 21:05:09.737147,2029-01-03 17:43:21.628280
409,Project_Lifecycle,409,409,Deliverable,4743491.178313167,4770080.715966422,26589.537653255276,2029-01-07 02:11:10.698790,2029-01-25 13:20:42.957985
410,Project_Lifecycle,410,410,Deliverable,4770080.715966422,4803190.377240845,33109.66127442289,2029-01-25 13:20:42.957985,2029-02-17 13:10:22.634451
411,Project_Lifecycle,411,411,Deliverable,4776743.257357164,4811695.160752324,34951.9033951601,2029-01-30 04:23:15.441430,2029-02-23 10:55:09.645139
412,Project_Lifecycle,412,412,Deliverable,4794562.73384661,4819294.285049652,24731.551203041337,2029-02-11 13:22:44.030797,2029-02-28 17:34:17.102979
413,Project_Lifecycle,415,415,Deliverable,4819294.285049652,4841663.910613331,22369.625563679263,2029-02-28 17:34:17.102979,2029-03-16 06:23:54.636800
414,Project_Lifecycle,413,413,Deliverable,4803190.377240845,4841850.116512371,38659.739271526225,2029-02-17 13:10:22.634451,2029-03-16 09:30:06.990742
415,Project_Lifecycle,414,414,Deliverable,4811695.160752324,4849950.04446409,38254.88371176552,2029-02-23 10:55:09.645139,2029-03-22 00:30:02.667845
416,Project_Lifecycle,416,416,Deliverable,4841663.910613331,4866957.968404132,25294.05779080093,2029-03-16 06:23:54.636800,2029-04-02 19:57:58.104248
417,Project_Lifecycle,417,417,Deliverable,4841850.116512371,4882117.231708016,40267.11519564502,2029-03-16 09:30:06.990742,2029-04-13 08:37:13.902481
418,Project_Lifecycle,418,418,Deliverable,4849950.04446409,4887201.73751636,37251.69305227045,2029-03-22 00:30:02.667845,2029-04-16 21:21:44.250982
419,Project_Lifecycle,419,419,Deliverable,4866957.968404132,4891820.660939389,24862.692535256967,2029-04-02 19:57:58.104248,2029-04-20 02:20:39.656363
420,Project_Lifecycle,420,420,Deliverable,4881068.283886499,4898236.3841539165,17168.10026741773,2029-04-12 15:08:17.033190,2029-04-24 13:16:23.049235
421,Project_Lifecycle,421,421,Deliverable,4887201.73751636,4910412.763065888,23211.025549527258,2029-04-16 21:21:44.250982,2029-05-03 00:12:45.783953
422,Project_Lifecycle,422,422,Deliverable,4892001.802555175,4921439.068887874,29437.266332698986,2029-04-20 05:21:48.153310,2029-05-10 15:59:04.133272
423,Project_Lifecycle,424,424,Deliverable,4906529.259135027,4934212.419863837,27683.160728809424,2029-04-30 07:29:15.548102,2029-05-19 12:52:25.191830
424,Project_Lifecycle,423,423,Deliverable,4898236.3841539165,4938857.382522831,40620.99836891424,2029-04-24 13:16:23.049235,2029-05-22 18:17:22.951370
425,Project_Lifecycle,426,426,Deliverable,4934212.419863837,4942340.132750964,8127.712887126952,2029-05-19 12:52:25.191830,2029-05-25 04:20:07.965058
426,Project_Lifecycle,425,425,Deliverable,4921439.068887874,4955944.910373542,34505.841485668905,2029-05-10 15:59:04.133272,2029-06-03 15:04:54.622413
427,Project_Lifecycle,427,427,Deliverable,4938857.382522831,4974698.783539791,35841.40101695992,2029-05-22 18:17:22.951370,2029-06-16 15:38:47.012387
428,Project_Lifecycle,428,428,Deliverable,4942340.132750964,4975593.8575301,33253.72477913648,2029-05-25 04:20:07.965058,2029-06-17 06:33:51.451806
429,Project_Lifecycle,429,429,Deliverable,4955944.910373542,4988773.569166871,32828.65879332833,2029-06-03 15:04:54.622413,2029-06-26 10:13:34.150012
430,Project_Lifecycle,432,432,Deliverable,4978524.723620414,4989906.827744029,11382.10412361566,2029-06-19 07:24:43.417225,2029-06-27 05:06:49.664642
431,Project_Lifecycle,431,431,Deliverable,4975593.8575301,5002361.49761665,26767.640086549334,2029-06-17 06:33:51.451806,2029-07-05 20:41:29.856999
432,Project_Lifecycle,430,430,Deliverable,4974698.783539791,5004207.564473349,29508.78093355801,2029-06-16 15:38:47.012387,2029-07-07 03:27:33.868401
433,Project_Lifecycle,433,433,Deliverable,4988773.569166871,5009721.805530374,20948.23636350315,2029-06-26 10:13:34.150012,2029-07-10 23:21:48.331822
434,Project_Lifecycle,434,434,Deliverable,4989906.827744029,5009985.791706808,20078.96396277845,2029-06-27 05:06:49.664642,2029-07-11 03:45:47.502408
435,Project_Lifecycle,435,435,Deliverable,5009985.791706808,5043548.050504109,33562.25879730098,2029-07-11 03:45:47.502408,2029-08-03 11:08:03.030247
436,Project_Lifecycle,437,437,Deliverable,5043548.050504109,5081382.450766901,37834.40026279166,2029-08-03 11:08:03.030247,2029-08-29 17:42:27.046014
437,Project_Lifecycle,436,436,Deliverable,5041326.052200258,5083589.496226371,42263.44402611349,2029-08-01 22:06:03.132015,2029-08-31 06:29:29.773582
438,Project_Lifecycle,438,438,Deliverable,5083589.496226371,5108049.27837474,24459.782148368657,2029-08-31 06:29:29.773582,2029-09-17 06:09:16.702484
439,Project_Lifecycle,439,439,Deliverable,5108049.27837474,5135842.39407346,27793.11569872033,2029-09-17 06:09:16.702484,2029-10-06 13:22:23.644408
440,Project_Lifecycle,440,440,Deliverable,5135842.39407346,5159714.045779103,23871.651705643162,2029-10-06 13:22:23.644408,2029-10-23 03:14:02.746746
441,Project_Lifecycle,441,441,Deliverable,5220843.456586287,5255491.584693617,34648.12810732983,2029-12-04 14:03:27.395177,2029-12-28 15:31:35.081617
